{
  "best_pair": "XRP/USDT",
  "best_trade_profit_pct": 0.0,
  "final_balance": 12.737448180000058,
  "max_drawdown_pct": 91.50836787999997,
  "profit_factor": 0.40614164782238754,
  "sharpe_ratio": -49.61517003782398,
  "total_profit_abs": -137.26255182,
  "total_profit_pct": -91.50836788,
  "total_trades": 3915,
  "win_rate": 0.22298850574712645,
  "worst_pair": "HOME/USDT",
  "worst_trade_profit_pct": 0.0
}