{
  "export_time": "2026-04-25T19:47:15.165879+00:00",
  "ft_stratparam_v": 1,
  "params": {
    "buy": {
      "buy_ma_count": 2,
      "buy_ma_gap": 21
    },
    "max_open_trades": {
      "max_open_trades": 2
    },
    "roi": {
      "0": 1.3784220377302607,
      "13": 1.1356700835231877,
      "146": 0.09394420940278242,
      "38": 0.21382585032886137
    },
    "sell": {
      "sell_ma_count": 9,
      "sell_ma_gap": 50
    },
    "stoploss": {
      "stoploss": -0.8851494812485121
    },
    "trailing": {
      "trailing_only_offset_is_reached": false,
      "trailing_stop": false,
      "trailing_stop_positive": 0.3222098664855336,
      "trailing_stop_positive_offset": 0.1536273214321383
    }
  },
  "strategy_name": "yes"
}