{
  "best_pair": "XRP/USDT",
  "best_trade_profit_pct": 0.0,
  "final_balance": 252.91730135,
  "max_drawdown_pct": 12.827487490861685,
  "profit_factor": 3.4065802040539834,
  "sharpe_ratio": 1.157042190323812,
  "total_profit_abs": 102.91730135,
  "total_profit_pct": 68.61153423333334,
  "total_trades": 38,
  "win_rate": 0.6578947368421053,
  "worst_pair": "HOME/USDT",
  "worst_trade_profit_pct": 0.0
}