{
  "export_time": "2026-04-25T19:40:31.226767+00:00",
  "ft_stratparam_v": 1,
  "params": {
    "buy": {
      "buy_ma_count": 10,
      "buy_ma_gap": 16
    },
    "max_open_trades": {
      "max_open_trades": 2
    },
    "roi": {
      "0": 1.9130858390965813,
      "13": 0.23105186771348096,
      "146": 0.19926888310536606,
      "38": 0.5886806928358876
    },
    "sell": {
      "sell_ma_count": 9,
      "sell_ma_gap": 42
    },
    "stoploss": {
      "stoploss": -0.5825290422572049
    },
    "trailing": {
      "trailing_only_offset_is_reached": false,
      "trailing_stop": false,
      "trailing_stop_positive": 0.41710002330767454,
      "trailing_stop_positive_offset": 0.026822085799765694
    }
  },
  "strategy_name": "yes"
}