{
  "best_pair": "XRP/USDT",
  "best_trade_profit_pct": 0.0,
  "final_balance": 116.44075532000002,
  "max_drawdown_pct": 23.581465667022556,
  "profit_factor": 0.7538046642061988,
  "sharpe_ratio": -2.2573441160878445,
  "total_profit_abs": -33.55924468,
  "total_profit_pct": -22.372829786666664,
  "total_trades": 481,
  "win_rate": 0.31185031185031187,
  "worst_pair": "HOME/USDT",
  "worst_trade_profit_pct": 0.0
}