{
  "best_pair": "XRP/USDT",
  "best_trade_profit_pct": 0.0,
  "final_balance": 12.705930899999743,
  "max_drawdown_pct": 91.61632916707669,
  "profit_factor": 0.423280497513733,
  "sharpe_ratio": -47.07904030479374,
  "total_profit_abs": -137.2940691,
  "total_profit_pct": -91.5293794,
  "total_trades": 3983,
  "win_rate": 0.22420286216419785,
  "worst_pair": "HOME/USDT",
  "worst_trade_profit_pct": 0.0
}