{
  "best_pair": "XRP/USDT",
  "best_trade_profit_pct": 0.0,
  "final_balance": 247.98716546,
  "max_drawdown_pct": 10.536201341500794,
  "profit_factor": 2.4428471376145557,
  "sharpe_ratio": 1.0081425387478937,
  "total_profit_abs": 97.98716546,
  "total_profit_pct": 65.32477697333333,
  "total_trades": 47,
  "win_rate": 0.6808510638297872,
  "worst_pair": "HOME/USDT",
  "worst_trade_profit_pct": 0.0
}