{
  "best_pair": "XRP/USDT",
  "best_trade_profit_pct": 0.0,
  "final_balance": 123.25509345000003,
  "max_drawdown_pct": 18.50167333999998,
  "profit_factor": 0.7798598806363902,
  "sharpe_ratio": -1.9883540388119871,
  "total_profit_abs": -26.74490655,
  "total_profit_pct": -17.829937700000002,
  "total_trades": 463,
  "win_rate": 0.30885529157667385,
  "worst_pair": "HOME/USDT",
  "worst_trade_profit_pct": 0.0
}