{
  "best_pair": "XRP/USDT",
  "best_trade_profit_pct": 0.0,
  "final_balance": 204.51592485,
  "max_drawdown_pct": 13.477311209764393,
  "profit_factor": 1.8188947490346967,
  "sharpe_ratio": 0.8795697164536469,
  "total_profit_abs": 54.51592485000002,
  "total_profit_pct": 36.34394990000001,
  "total_trades": 61,
  "win_rate": 0.7377049180327869,
  "worst_pair": "HOME/USDT",
  "worst_trade_profit_pct": 0.0
}