{
  "best_pair": "ADA/USDT",
  "best_trade_profit_pct": 0.0,
  "final_balance": 63.474414429999996,
  "max_drawdown_pct": 23.270782560312217,
  "profit_factor": 0.5477187890640375,
  "sharpe_ratio": -0.3396708309316426,
  "total_profit_abs": -16.525585570000008,
  "total_profit_pct": -20.65698196250001,
  "total_trades": 30,
  "win_rate": 0.5333333333333333,
  "worst_pair": "ETH/USDT",
  "worst_trade_profit_pct": 0.0
}