{
  "best_pair": "XRP/USDT",
  "best_trade_profit_pct": 0.0,
  "final_balance": 123.27438906,
  "max_drawdown_pct": 19.41214736666667,
  "profit_factor": 0.8008994643427101,
  "sharpe_ratio": -1.7841369714270443,
  "total_profit_abs": -26.72561094,
  "total_profit_pct": -17.81707396,
  "total_trades": 449,
  "win_rate": 0.311804008908686,
  "worst_pair": "HOME/USDT",
  "worst_trade_profit_pct": 0.0
}