{
  "best_pair": "XRP/USDT",
  "best_trade_profit_pct": 0.0,
  "final_balance": 118.30292937,
  "max_drawdown_pct": 23.23361872666667,
  "profit_factor": 0.7953112703526082,
  "sharpe_ratio": -2.1248135940238155,
  "total_profit_abs": -31.69707063,
  "total_profit_pct": -21.13138042,
  "total_trades": 548,
  "win_rate": 0.31204379562043794,
  "worst_pair": "HOME/USDT",
  "worst_trade_profit_pct": 0.0
}