{
  "best_pair": "XRP/USDT",
  "best_trade_profit_pct": 0.0,
  "final_balance": 146.30454329,
  "max_drawdown_pct": 4.923315435281529,
  "profit_factor": 0.5877865491784372,
  "sharpe_ratio": -0.10369029932398349,
  "total_profit_abs": -3.6954567099999998,
  "total_profit_pct": -2.4636378066666667,
  "total_trades": 9,
  "win_rate": 0.33333333333333326,
  "worst_pair": "HOME/USDT",
  "worst_trade_profit_pct": 0.0
}