{
  "best_pair": "ADA/USDT",
  "best_trade_profit_pct": 0.0,
  "final_balance": 79.36473381,
  "max_drawdown_pct": 9.210136970785172,
  "profit_factor": 0.9874372944727878,
  "sharpe_ratio": -0.06785781755952107,
  "total_profit_abs": -0.6352661900000007,
  "total_profit_pct": -0.7940827375000009,
  "total_trades": 283,
  "win_rate": 0.4275618374558304,
  "worst_pair": "ETH/USDT",
  "worst_trade_profit_pct": 0.0
}