{
  "buy_params": {
    "buy_ma_count": 1,
    "buy_ma_gap": 9
  },
  "minimal_roi": {
    "0": 0.03706158993615684,
    "13": 0.998771700406983,
    "146": 0.06978910964339079,
    "38": 0.0578258480511749
  },
  "sell_params": {
    "sell_ma_count": 10,
    "sell_ma_gap": 6
  },
  "stoploss": -0.343818993315173,
  "trailing_only_offset_is_reached": true,
  "trailing_stop": false,
  "trailing_stop_positive": 0.3275308079341756,
  "trailing_stop_positive_offset": 0.2863459525934815
}