{
  "best_pair": "ADA/USDT",
  "best_trade_profit_pct": 0.0,
  "final_balance": 76.14143528,
  "max_drawdown_pct": 4.823205900000005,
  "profit_factor": 0.6321649472491152,
  "sharpe_ratio": -0.08214734840141376,
  "total_profit_abs": -3.8585647200000004,
  "total_profit_pct": -4.8232059000000005,
  "total_trades": 7,
  "win_rate": 0.42857142857142855,
  "worst_pair": "ETH/USDT",
  "worst_trade_profit_pct": 0.0
}