{
  "buy_params": {
    "buy_ma_count": 7,
    "buy_ma_gap": 20
  },
  "minimal_roi": {
    "0": 0.016403671111637916,
    "13": 1.5865634706448588,
    "146": 0.6374583380624763,
    "38": 0.14171361977173735
  },
  "sell_params": {
    "sell_ma_count": 2,
    "sell_ma_gap": 1
  },
  "stoploss": -0.33806759845210366,
  "trailing_only_offset_is_reached": true,
  "trailing_stop": false,
  "trailing_stop_positive": 0.3885281219116688,
  "trailing_stop_positive_offset": 0.02413744537637047
}