{
  "best_pair": "XRP/USDT",
  "best_trade_profit_pct": 0.0,
  "final_balance": 154.67051448,
  "max_drawdown_pct": 2.364106738938793,
  "profit_factor": 1.715349666243892,
  "sharpe_ratio": 0.09889884631945794,
  "total_profit_abs": 4.67051448,
  "total_profit_pct": 3.1136763199999997,
  "total_trades": 10,
  "win_rate": 0.4,
  "worst_pair": "HOME/USDT",
  "worst_trade_profit_pct": 0.0
}