{
  "best_pair": "XRP/USDT",
  "best_trade_profit_pct": 0.0,
  "final_balance": 251.88381271999998,
  "max_drawdown_pct": 11.382232777880827,
  "profit_factor": 4.049887208791713,
  "sharpe_ratio": 1.102496290654608,
  "total_profit_abs": 101.88381272,
  "total_profit_pct": 67.92254181333332,
  "total_trades": 32,
  "win_rate": 0.6875,
  "worst_pair": "HOME/USDT",
  "worst_trade_profit_pct": 0.0
}