{
  "best_pair": "XRP/USDT",
  "best_trade_profit_pct": 0.0,
  "final_balance": 115.78996959000003,
  "max_drawdown_pct": 24.970786980000003,
  "profit_factor": 0.7835453104123964,
  "sharpe_ratio": -2.98200869615259,
  "total_profit_abs": -34.21003041,
  "total_profit_pct": -22.806686940000002,
  "total_trades": 722,
  "win_rate": 0.31163434903047094,
  "worst_pair": "HOME/USDT",
  "worst_trade_profit_pct": 0.0
}