{
  "export_time": "2026-04-25T19:45:08.237523+00:00",
  "ft_stratparam_v": 1,
  "params": {
    "buy": {
      "buy_ma_count": 3,
      "buy_ma_gap": 11
    },
    "max_open_trades": {
      "max_open_trades": 2
    },
    "roi": {
      "0": 1.1661921384012923,
      "13": 0.7746934189554754,
      "146": 0.07196420626124475,
      "38": 0.043583252909412444
    },
    "sell": {
      "sell_ma_count": 11,
      "sell_ma_gap": 49
    },
    "stoploss": {
      "stoploss": -0.6866759120460323
    },
    "trailing": {
      "trailing_only_offset_is_reached": true,
      "trailing_stop": false,
      "trailing_stop_positive": 0.19882337284475365,
      "trailing_stop_positive_offset": 0.33810208447584394
    }
  },
  "strategy_name": "yes"
}