{
  "best_pair": "XRP/USDT",
  "best_trade_profit_pct": 0.0,
  "final_balance": 234.39204983999997,
  "max_drawdown_pct": 7.733904004564169,
  "profit_factor": 4.122167197465608,
  "sharpe_ratio": 0.653856325026712,
  "total_profit_abs": 84.39204984,
  "total_profit_pct": 56.261366560000006,
  "total_trades": 26,
  "win_rate": 0.6153846153846154,
  "worst_pair": "HOME/USDT",
  "worst_trade_profit_pct": 0.0
}