{
  "best_pair": "XRP/USDT",
  "best_trade_profit_pct": 0.0,
  "final_balance": 236.56432195000002,
  "max_drawdown_pct": 11.825748687569583,
  "profit_factor": 2.833623502191909,
  "sharpe_ratio": 0.9936105384075489,
  "total_profit_abs": 86.56432195000001,
  "total_profit_pct": 57.709547966666676,
  "total_trades": 38,
  "win_rate": 0.7368421052631579,
  "worst_pair": "HOME/USDT",
  "worst_trade_profit_pct": 0.0
}