{
  "export_time": "2026-04-25T17:15:45.821642+00:00",
  "ft_stratparam_v": 1,
  "params": {
    "buy": {
      "buy_ma_count": 4,
      "buy_ma_gap": 35
    },
    "max_open_trades": {
      "max_open_trades": 2
    },
    "roi": {
      "0": 0.6998873900409734,
      "13": 0.6857727203861141,
      "146": 0.6664845180257369,
      "38": 0.43029200064438267
    },
    "sell": {
      "sell_ma_count": 1,
      "sell_ma_gap": 8
    },
    "stoploss": {
      "stoploss": -0.6134904946084792
    },
    "trailing": {
      "trailing_only_offset_is_reached": true,
      "trailing_stop": false,
      "trailing_stop_positive": 0.3514497483991288,
      "trailing_stop_positive_offset": 0.8511661733770451
    }
  },
  "strategy_name": "MultiMeee"
}