{
  "best_pair": "XRP/USDT",
  "best_trade_profit_pct": 0.0,
  "final_balance": 264.52832047000004,
  "max_drawdown_pct": 6.182990690323169,
  "profit_factor": 3.563058139522794,
  "sharpe_ratio": 1.1941317726808272,
  "total_profit_abs": 114.52832046999998,
  "total_profit_pct": 76.35221364666666,
  "total_trades": 39,
  "win_rate": 0.717948717948718,
  "worst_pair": "HOME/USDT",
  "worst_trade_profit_pct": 0.0
}