{
  "best_pair": "XRP/USDT",
  "best_trade_profit_pct": 0.0,
  "final_balance": 89.09044539,
  "max_drawdown_pct": 42.287585499999985,
  "profit_factor": 0.7803074352016037,
  "sharpe_ratio": -4.165061689622915,
  "total_profit_abs": -60.90955461,
  "total_profit_pct": -40.60636974,
  "total_trades": 1124,
  "win_rate": 0.3113879003558719,
  "worst_pair": "HOME/USDT",
  "worst_trade_profit_pct": 0.0
}