{
  "best_pair": "ETH/USDT",
  "best_trade_profit_pct": 0.0,
  "final_balance": 151.12572505,
  "max_drawdown_pct": 2.169430993160427,
  "profit_factor": 1.252866888966241,
  "sharpe_ratio": 0.030752591605502765,
  "total_profit_abs": 1.1257250500000002,
  "total_profit_pct": 0.7504833666666668,
  "total_trades": 6,
  "win_rate": 0.6666666666666665,
  "worst_pair": "ADA/USDT",
  "worst_trade_profit_pct": 0.0
}