{
  "buy_params": {
    "buy_ma_count": 1,
    "buy_ma_gap": 42
  },
  "minimal_roi": {
    "0": 0.5373217938393777,
    "13": 0.5540825503260765,
    "146": 0.7826954294845082,
    "38": 0.24135114682892134
  },
  "sell_params": {
    "sell_ma_count": 9,
    "sell_ma_gap": 42
  },
  "stoploss": -0.15671764641125852,
  "trailing_only_offset_is_reached": true,
  "trailing_stop": true,
  "trailing_stop_positive": 0.9186443979490592,
  "trailing_stop_positive_offset": 0.6385964122044077
}