{
  "best_pair": "XRP/USDT",
  "best_trade_profit_pct": 0.0,
  "final_balance": 109.82376678999996,
  "max_drawdown_pct": 29.701547396175055,
  "profit_factor": 0.6712003698394291,
  "sharpe_ratio": -2.762876159580741,
  "total_profit_abs": -40.17623321,
  "total_profit_pct": -26.784155473333332,
  "total_trades": 504,
  "win_rate": 0.25396825396825395,
  "worst_pair": "HOME/USDT",
  "worst_trade_profit_pct": 0.0
}