{
  "buy_params": {
    "buy_ma_count": 11,
    "buy_ma_gap": 1
  },
  "minimal_roi": {
    "0": 1.1621984805665337,
    "13": 0.2409993255771833,
    "146": 0.9934835491764982,
    "38": 0.5646551646218458
  },
  "sell_params": {
    "sell_ma_count": 16,
    "sell_ma_gap": 39
  },
  "stoploss": -0.4142098637820356,
  "trailing_only_offset_is_reached": true,
  "trailing_stop": false,
  "trailing_stop_positive": 0.2965067150434661,
  "trailing_stop_positive_offset": 0.5415008121189833
}