{
  "best_pair": "ADA/USDT",
  "best_trade_profit_pct": 0.0,
  "final_balance": 75.14596518,
  "max_drawdown_pct": 10.776707309367868,
  "profit_factor": 0.901251619682802,
  "sharpe_ratio": -0.5127355659938249,
  "total_profit_abs": -4.854034820000001,
  "total_profit_pct": -6.0675435250000005,
  "total_trades": 258,
  "win_rate": 0.4418604651162791,
  "worst_pair": "ETH/USDT",
  "worst_trade_profit_pct": 0.0
}