{
  "best_pair": "ETH/USDT",
  "best_trade_profit_pct": 0.0,
  "final_balance": 142.55371721,
  "max_drawdown_pct": 26.13205239072247,
  "profit_factor": 0.9155943470131169,
  "sharpe_ratio": -0.043417867288696885,
  "total_profit_abs": -7.446282789999994,
  "total_profit_pct": -4.964188526666663,
  "total_trades": 27,
  "win_rate": 0.3703703703703704,
  "worst_pair": "HOME/USDT",
  "worst_trade_profit_pct": 0.0
}