{
  "buy_params": {
    "buy_ma_count": 3,
    "buy_ma_gap": 50
  },
  "minimal_roi": {
    "0": 0.20341500112647903,
    "13": 0.8234023892445061,
    "146": 0.42190013496376116,
    "38": 0.4527722497704789
  },
  "sell_params": {
    "sell_ma_count": 14,
    "sell_ma_gap": 9
  },
  "stoploss": -0.13666085688788737,
  "trailing_only_offset_is_reached": true,
  "trailing_stop": false,
  "trailing_stop_positive": 0.4679492706862729,
  "trailing_stop_positive_offset": 0.07411447534464405
}