{
  "export_time": "2026-04-25T19:25:55.700122+00:00",
  "ft_stratparam_v": 1,
  "params": {
    "buy": {
      "buy_ma_count": 1,
      "buy_ma_gap": 2
    },
    "max_open_trades": {
      "max_open_trades": 2
    },
    "roi": {
      "0": 1.3489345208191674,
      "13": 0.7635388940065665,
      "146": 0.0863574893950768,
      "38": 0.9630717483375757
    },
    "sell": {
      "sell_ma_count": 20,
      "sell_ma_gap": 45
    },
    "stoploss": {
      "stoploss": -0.7874374473994092
    },
    "trailing": {
      "trailing_only_offset_is_reached": true,
      "trailing_stop": true,
      "trailing_stop_positive": 0.10011611843414278,
      "trailing_stop_positive_offset": 0.4205189303432367
    }
  },
  "strategy_name": "yes"
}