{
  "best_pair": "XRP/USDT",
  "best_trade_profit_pct": 0.0,
  "final_balance": 111.44561839999994,
  "max_drawdown_pct": 27.278210346666697,
  "profit_factor": 0.732684714677481,
  "sharpe_ratio": -3.710415598663439,
  "total_profit_abs": -38.5543816,
  "total_profit_pct": -25.70292106666667,
  "total_trades": 694,
  "win_rate": 0.2910662824207493,
  "worst_pair": "HOME/USDT",
  "worst_trade_profit_pct": 0.0
}