{
  "best_pair": "XRP/USDT",
  "best_trade_profit_pct": 0.0,
  "final_balance": 258.37616331,
  "max_drawdown_pct": 9.328175472425668,
  "profit_factor": 4.918557825444924,
  "sharpe_ratio": 1.073007350107455,
  "total_profit_abs": 108.37616330999998,
  "total_profit_pct": 72.25077553999999,
  "total_trades": 29,
  "win_rate": 0.6551724137931035,
  "worst_pair": "HOME/USDT",
  "worst_trade_profit_pct": 0.0
}