{
  "best_pair": "XRP/USDT",
  "best_trade_profit_pct": 0.0,
  "final_balance": 120.71615118,
  "max_drawdown_pct": 21.294137153333338,
  "profit_factor": 0.8037579934866899,
  "sharpe_ratio": -2.080176941453747,
  "total_profit_abs": -29.283848820000006,
  "total_profit_pct": -19.522565880000002,
  "total_trades": 547,
  "win_rate": 0.3053016453382084,
  "worst_pair": "HOME/USDT",
  "worst_trade_profit_pct": 0.0
}