{
  "best_pair": "XRP/USDT",
  "best_trade_profit_pct": 0.0,
  "final_balance": 201.36004486,
  "max_drawdown_pct": 12.246511392948463,
  "profit_factor": 1.9675945882939367,
  "sharpe_ratio": 1.1226234938635486,
  "total_profit_abs": 51.36004486,
  "total_profit_pct": 34.24002990666667,
  "total_trades": 82,
  "win_rate": 0.8536585365853658,
  "worst_pair": "HOME/USDT",
  "worst_trade_profit_pct": 0.0
}