{
  "best_pair": "XRP/USDT",
  "best_trade_profit_pct": 0.0,
  "final_balance": 78.38979770000002,
  "max_drawdown_pct": 50.49225541167165,
  "profit_factor": 0.6809187174750325,
  "sharpe_ratio": -8.20566898349748,
  "total_profit_abs": -71.6102023,
  "total_profit_pct": -47.740134866666665,
  "total_trades": 1367,
  "win_rate": 0.288222384784199,
  "worst_pair": "HOME/USDT",
  "worst_trade_profit_pct": 0.0
}