{
  "best_pair": "XRP/USDT",
  "best_trade_profit_pct": 0.0,
  "final_balance": 12.737637050000018,
  "max_drawdown_pct": 91.61071121528266,
  "profit_factor": 0.536456761704125,
  "sharpe_ratio": -39.65104005447358,
  "total_profit_abs": -137.26236295,
  "total_profit_pct": -91.50824196666667,
  "total_trades": 4291,
  "win_rate": 0.2673036588207877,
  "worst_pair": "HOME/USDT",
  "worst_trade_profit_pct": 0.0
}