{
  "best_pair": "ADA/USDT",
  "best_trade_profit_pct": 0.0,
  "final_balance": 70.37079523999999,
  "max_drawdown_pct": 17.759248688746464,
  "profit_factor": 0.836322244556683,
  "sharpe_ratio": -1.2848686705081591,
  "total_profit_abs": -9.629204759999999,
  "total_profit_pct": -12.036505949999999,
  "total_trades": 383,
  "win_rate": 0.3733681462140992,
  "worst_pair": "ETH/USDT",
  "worst_trade_profit_pct": 0.0
}