{
  "export_time": "2026-04-25T19:29:34.836763+00:00",
  "ft_stratparam_v": 1,
  "params": {
    "buy": {
      "buy_ma_count": 1,
      "buy_ma_gap": 3
    },
    "max_open_trades": {
      "max_open_trades": 2
    },
    "roi": {
      "0": 1.3687734113124923,
      "13": 1.3233158217350383,
      "146": 0.09708366944685756,
      "38": 0.9802821925177472
    },
    "sell": {
      "sell_ma_count": 20,
      "sell_ma_gap": 45
    },
    "stoploss": {
      "stoploss": -0.7849028028774923
    },
    "trailing": {
      "trailing_only_offset_is_reached": true,
      "trailing_stop": true,
      "trailing_stop_positive": 0.08924376127454303,
      "trailing_stop_positive_offset": 0.45363842021209544
    }
  },
  "strategy_name": "yes"
}