{
  "best_pair": "XRP/USDT",
  "best_trade_profit_pct": 0.0,
  "final_balance": 103.32597801999992,
  "max_drawdown_pct": 32.72510795822096,
  "profit_factor": 0.7335261644524634,
  "sharpe_ratio": -3.3171250599015503,
  "total_profit_abs": -46.67402198,
  "total_profit_pct": -31.116014653333334,
  "total_trades": 708,
  "win_rate": 0.2994350282485876,
  "worst_pair": "HOME/USDT",
  "worst_trade_profit_pct": 0.0
}