{
  "buy_params": {
    "buy_ma_count": 13,
    "buy_ma_gap": 35
  },
  "minimal_roi": {
    "0": 1.9591683928406507,
    "13": 1.3195223986514195,
    "146": 0.8073441947048852,
    "38": 0.06518739793685963
  },
  "sell_params": {
    "sell_ma_count": 20,
    "sell_ma_gap": 25
  },
  "stoploss": -0.4794949208121832,
  "trailing_only_offset_is_reached": true,
  "trailing_stop": false,
  "trailing_stop_positive": 0.18875287903891086,
  "trailing_stop_positive_offset": 0.037288223442814405
}