{
  "best_pair": "ETH/USDT",
  "best_trade_profit_pct": 0.0,
  "final_balance": 159.58490436,
  "max_drawdown_pct": 3.4436274431738156,
  "profit_factor": 1.9921509107625823,
  "sharpe_ratio": 0.11196917194084327,
  "total_profit_abs": 9.58490436,
  "total_profit_pct": 6.389936239999999,
  "total_trades": 9,
  "win_rate": 0.4444444444444444,
  "worst_pair": "ADA/USDT",
  "worst_trade_profit_pct": 0.0
}