{
  "export_time": "2026-04-25T18:47:32.759097+00:00",
  "ft_stratparam_v": 1,
  "params": {
    "buy": {
      "buy_ma_count": 12,
      "buy_ma_gap": 32
    },
    "max_open_trades": {
      "max_open_trades": 2
    },
    "roi": {
      "0": 1.2725689338169388,
      "13": 1.8293752540676604,
      "146": 0.44870418408986673,
      "38": 0.12687843756751319
    },
    "sell": {
      "sell_ma_count": 17,
      "sell_ma_gap": 46
    },
    "stoploss": {
      "stoploss": -0.6816719134100826
    },
    "trailing": {
      "trailing_only_offset_is_reached": true,
      "trailing_stop": false,
      "trailing_stop_positive": 0.15128715448374586,
      "trailing_stop_positive_offset": 0.08403992488371877
    }
  },
  "strategy_name": "yes"
}