{
  "export_time": "2026-04-25T17:16:36.847278+00:00",
  "ft_stratparam_v": 1,
  "params": {
    "buy": {
      "buy_ma_count": 11,
      "buy_ma_gap": 6
    },
    "max_open_trades": {
      "max_open_trades": 2
    },
    "roi": {
      "0": 0.8636525960666079,
      "13": 0.5288639894335052,
      "146": 0.08728198310095708,
      "38": 0.20303849049292078
    },
    "sell": {
      "sell_ma_count": 13,
      "sell_ma_gap": 37
    },
    "stoploss": {
      "stoploss": -0.32802412187530133
    },
    "trailing": {
      "trailing_only_offset_is_reached": true,
      "trailing_stop": true,
      "trailing_stop_positive": 0.43536247897268554,
      "trailing_stop_positive_offset": 0.4929255221717658
    }
  },
  "strategy_name": "MultiMeee"
}