{
  "best_pair": "XRP/USDT",
  "best_trade_profit_pct": 0.0,
  "final_balance": 94.99958446999999,
  "max_drawdown_pct": 39.69290523468296,
  "profit_factor": 0.6919442665603898,
  "sharpe_ratio": -3.974168083184014,
  "total_profit_abs": -55.00041553,
  "total_profit_pct": -36.66694368666666,
  "total_trades": 761,
  "win_rate": 0.2864651773981603,
  "worst_pair": "HOME/USDT",
  "worst_trade_profit_pct": 0.0
}