{
  "buy_params": {
    "buy_ma_count": 2,
    "buy_ma_gap": 10
  },
  "minimal_roi": {
    "0": 0.10739725382758378,
    "13": 0.24812876152770524,
    "146": 0.4194646308698432,
    "38": 0.1052969219944538
  },
  "sell_params": {
    "sell_ma_count": 13,
    "sell_ma_gap": 35
  },
  "stoploss": -0.7616849670579119,
  "trailing_only_offset_is_reached": true,
  "trailing_stop": false,
  "trailing_stop_positive": 0.2794112231189255,
  "trailing_stop_positive_offset": 0.29492396224191847
}