{
  "best_pair": "XRP/USDT",
  "best_trade_profit_pct": 0.0,
  "final_balance": 109.36779878000002,
  "max_drawdown_pct": 27.72174071999999,
  "profit_factor": 0.7207205682078459,
  "sharpe_ratio": -3.9414573841379115,
  "total_profit_abs": -40.63220122,
  "total_profit_pct": -27.088134146666665,
  "total_trades": 702,
  "win_rate": 0.2948717948717949,
  "worst_pair": "HOME/USDT",
  "worst_trade_profit_pct": 0.0
}