{
  "best_pair": "XRP/USDT",
  "best_trade_profit_pct": 0.0,
  "final_balance": 119.14047369000001,
  "max_drawdown_pct": 21.400678253333336,
  "profit_factor": 0.7611496301140025,
  "sharpe_ratio": -2.2904278824345745,
  "total_profit_abs": -30.859526309999996,
  "total_profit_pct": -20.573017539999995,
  "total_trades": 475,
  "win_rate": 0.32210526315789473,
  "worst_pair": "HOME/USDT",
  "worst_trade_profit_pct": 0.0
}