{
  "best_pair": "ETH/USDT",
  "best_trade_profit_pct": 0.0,
  "final_balance": 125.61082335,
  "max_drawdown_pct": 41.8324542660088,
  "profit_factor": 0.8893195943717792,
  "sharpe_ratio": -0.30543833923352715,
  "total_profit_abs": -24.389176650000003,
  "total_profit_pct": -16.259451100000003,
  "total_trades": 137,
  "win_rate": 0.35036496350364965,
  "worst_pair": "HOME/USDT",
  "worst_trade_profit_pct": 0.0
}