{
  "best_pair": "ETH/USDT",
  "best_trade_profit_pct": 0.0,
  "final_balance": 141.79096927,
  "max_drawdown_pct": 30.536417117400582,
  "profit_factor": 0.8985588752283012,
  "sharpe_ratio": -0.07442801488647145,
  "total_profit_abs": -8.209030729999998,
  "total_profit_pct": -5.472687153333332,
  "total_trades": 30,
  "win_rate": 0.43333333333333335,
  "worst_pair": "ADA/USDT",
  "worst_trade_profit_pct": 0.0
}