{
  "best_pair": "XRP/USDT",
  "best_trade_profit_pct": 0.0,
  "final_balance": 127.51109494000002,
  "max_drawdown_pct": 21.589171566375285,
  "profit_factor": 0.8144757938256182,
  "sharpe_ratio": -1.2844329363772822,
  "total_profit_abs": -22.48890506,
  "total_profit_pct": -14.992603373333333,
  "total_trades": 367,
  "win_rate": 0.3269754768392371,
  "worst_pair": "HOME/USDT",
  "worst_trade_profit_pct": 0.0
}