{
  "buy_params": {
    "buy_ma_count": 2,
    "buy_ma_gap": 23
  },
  "minimal_roi": {
    "0": 1.4359205899629781,
    "13": 0.07953338142793907,
    "146": 0.13179226645915898,
    "38": 0.7445676456097969
  },
  "sell_params": {
    "sell_ma_count": 19,
    "sell_ma_gap": 50
  },
  "stoploss": -0.893538724096202,
  "trailing_only_offset_is_reached": true,
  "trailing_stop": false,
  "trailing_stop_positive": 0.20213500973020537,
  "trailing_stop_positive_offset": 0.023398068146251123
}