{
  "best_pair": "ADA/USDT",
  "best_trade_profit_pct": 0.0,
  "final_balance": 76.89928766,
  "max_drawdown_pct": 9.889644352213663,
  "profit_factor": 0.9320004863558848,
  "sharpe_ratio": -0.3335277387019366,
  "total_profit_abs": -3.100712340000001,
  "total_profit_pct": -3.875890425000002,
  "total_trades": 255,
  "win_rate": 0.43529411764705883,
  "worst_pair": "ETH/USDT",
  "worst_trade_profit_pct": 0.0
}