{
  "best_pair": "XRP/USDT",
  "best_trade_profit_pct": 0.0,
  "final_balance": 121.63937852000001,
  "max_drawdown_pct": 20.369526575048123,
  "profit_factor": 0.7853402674599627,
  "sharpe_ratio": -2.031951310794525,
  "total_profit_abs": -28.360621479999992,
  "total_profit_pct": -18.90708098666666,
  "total_trades": 489,
  "win_rate": 0.3169734151329243,
  "worst_pair": "HOME/USDT",
  "worst_trade_profit_pct": 0.0
}