{
  "best_pair": "ETH/USDT",
  "best_trade_profit_pct": 0.0,
  "final_balance": 164.75831912,
  "max_drawdown_pct": 2.023405213333338,
  "profit_factor": 3.6921068902900203,
  "sharpe_ratio": 0.17179829656695889,
  "total_profit_abs": 14.75831912,
  "total_profit_pct": 9.838879413333332,
  "total_trades": 8,
  "win_rate": 0.625,
  "worst_pair": "ADA/USDT",
  "worst_trade_profit_pct": 0.0
}