{
  "export_time": "2026-04-25T19:47:03.957976+00:00",
  "ft_stratparam_v": 1,
  "params": {
    "buy": {
      "buy_ma_count": 2,
      "buy_ma_gap": 12
    },
    "max_open_trades": {
      "max_open_trades": 2
    },
    "roi": {
      "0": 1.2142189827313967,
      "13": 0.9431526116847091,
      "146": 0.0004273102039617435,
      "38": 0.07259859185369401
    },
    "sell": {
      "sell_ma_count": 13,
      "sell_ma_gap": 44
    },
    "stoploss": {
      "stoploss": -0.8703084516355408
    },
    "trailing": {
      "trailing_only_offset_is_reached": true,
      "trailing_stop": false,
      "trailing_stop_positive": 0.25868966211913735,
      "trailing_stop_positive_offset": 0.2796632357831773
    }
  },
  "strategy_name": "yes"
}