{
  "best_pair": "XRP/USDT",
  "best_trade_profit_pct": 0.0,
  "final_balance": 12.740766029999378,
  "max_drawdown_pct": 91.63342481115812,
  "profit_factor": 0.4120090528383093,
  "sharpe_ratio": -51.41547171289711,
  "total_profit_abs": -137.25923397000003,
  "total_profit_pct": -91.50615598000002,
  "total_trades": 4032,
  "win_rate": 0.23511904761904762,
  "worst_pair": "HOME/USDT",
  "worst_trade_profit_pct": 0.0
}