{
  "best_pair": "ADA/USDT",
  "best_trade_profit_pct": 0.0,
  "final_balance": 75.90387213,
  "max_drawdown_pct": 16.690496954613018,
  "profit_factor": 0.8582768123255831,
  "sharpe_ratio": -0.059606673259622045,
  "total_profit_abs": -4.0961278699999975,
  "total_profit_pct": -5.120159837499997,
  "total_trades": 25,
  "win_rate": 0.56,
  "worst_pair": "ETH/USDT",
  "worst_trade_profit_pct": 0.0
}