{
  "best_pair": "ADA/USDT",
  "best_trade_profit_pct": 0.0,
  "final_balance": 101.57620461,
  "max_drawdown_pct": 8.834138481541567,
  "profit_factor": 2.480395259892333,
  "sharpe_ratio": 0.3715043316516974,
  "total_profit_abs": 21.576204609999998,
  "total_profit_pct": 26.970255762499995,
  "total_trades": 20,
  "win_rate": 0.7,
  "worst_pair": "ETH/USDT",
  "worst_trade_profit_pct": 0.0
}