{
  "buy_params": {
    "buy_ma_count": 1,
    "buy_ma_gap": 1
  },
  "minimal_roi": {
    "0": 1.7593378503306394,
    "13": 1.8926203837188145,
    "146": 0.6997671044114,
    "38": 0.8692551443306772
  },
  "sell_params": {
    "sell_ma_count": 6,
    "sell_ma_gap": 29
  },
  "stoploss": -0.7504199859962555,
  "trailing_only_offset_is_reached": false,
  "trailing_stop": true,
  "trailing_stop_positive": 0.2514672865940173,
  "trailing_stop_positive_offset": 0.43268179396444334
}