{
  "best_pair": "XRP/USDT",
  "best_trade_profit_pct": 0.0,
  "final_balance": 230.15331363,
  "max_drawdown_pct": 11.402568276241603,
  "profit_factor": 2.111397024636872,
  "sharpe_ratio": 0.9383920388525572,
  "total_profit_abs": 80.15331363,
  "total_profit_pct": 53.435542420000004,
  "total_trades": 53,
  "win_rate": 0.6981132075471698,
  "worst_pair": "HOME/USDT",
  "worst_trade_profit_pct": 0.0
}