{
  "best_pair": "ADA/USDT",
  "best_trade_profit_pct": 0.0,
  "final_balance": 88.47349115,
  "max_drawdown_pct": 16.587178431215676,
  "profit_factor": 1.27923206817741,
  "sharpe_ratio": 0.16382516515491582,
  "total_profit_abs": 8.473491150000001,
  "total_profit_pct": 10.591863937500001,
  "total_trades": 37,
  "win_rate": 0.5945945945945946,
  "worst_pair": "ETH/USDT",
  "worst_trade_profit_pct": 0.0
}