{
  "best_pair": "XRP/USDT",
  "best_trade_profit_pct": 0.0,
  "final_balance": 163.19074507,
  "max_drawdown_pct": 12.183241620274565,
  "profit_factor": 1.1143086243199285,
  "sharpe_ratio": 0.2680068340515359,
  "total_profit_abs": 13.190745069999995,
  "total_profit_pct": 8.793830046666663,
  "total_trades": 117,
  "win_rate": 0.3846153846153847,
  "worst_pair": "HOME/USDT",
  "worst_trade_profit_pct": 0.0
}