{
  "best_pair": "XRP/USDT",
  "best_trade_profit_pct": 0.0,
  "final_balance": 105.51724083999996,
  "max_drawdown_pct": 30.3523930666667,
  "profit_factor": 0.686553419915958,
  "sharpe_ratio": -3.220530907117521,
  "total_profit_abs": -44.48275916,
  "total_profit_pct": -29.655172773333334,
  "total_trades": 573,
  "win_rate": 0.29668411867364747,
  "worst_pair": "HOME/USDT",
  "worst_trade_profit_pct": 0.0
}