{
  "buy_params": {
    "buy_ma_count": 14,
    "buy_ma_gap": 30
  },
  "minimal_roi": {
    "0": 1.874701048559734,
    "13": 1.1745364643668128,
    "146": 0.7456553503831169,
    "38": 0.043874476794894535
  },
  "sell_params": {
    "sell_ma_count": 20,
    "sell_ma_gap": 34
  },
  "stoploss": -0.5853811243095549,
  "trailing_only_offset_is_reached": true,
  "trailing_stop": true,
  "trailing_stop_positive": 0.07740286458409151,
  "trailing_stop_positive_offset": 0.22976629207187987
}