{
  "best_pair": "ETH/USDT",
  "best_trade_profit_pct": 0.0,
  "final_balance": 110.55050102999999,
  "max_drawdown_pct": 29.603065917799032,
  "profit_factor": 0.6794766013661128,
  "sharpe_ratio": -0.6189385062573973,
  "total_profit_abs": -39.44949897,
  "total_profit_pct": -26.299665979999997,
  "total_trades": 69,
  "win_rate": 0.391304347826087,
  "worst_pair": "HOME/USDT",
  "worst_trade_profit_pct": 0.0
}