{
  "buy_params": {
    "buy_ma_count": 5,
    "buy_ma_gap": 8
  },
  "minimal_roi": {
    "0": 0.7580885902180453,
    "13": 0.7593681200207574,
    "146": 0.061155784468925195,
    "38": 0.01406073961377377
  },
  "sell_params": {
    "sell_ma_count": 9,
    "sell_ma_gap": 22
  },
  "stoploss": -0.12498827592709046,
  "trailing_only_offset_is_reached": true,
  "trailing_stop": true,
  "trailing_stop_positive": 0.09833505225240258,
  "trailing_stop_positive_offset": 0.15962877553206262
}