{
  "export_time": "2026-04-25T19:01:18.209035+00:00",
  "ft_stratparam_v": 1,
  "params": {
    "buy": {
      "buy_ma_count": 3,
      "buy_ma_gap": 22
    },
    "max_open_trades": {
      "max_open_trades": 2
    },
    "roi": {
      "0": 1.2289237949488259,
      "13": 1.4026506231636549,
      "146": 0.2952887104147087,
      "38": 0.640119705047552
    },
    "sell": {
      "sell_ma_count": 9,
      "sell_ma_gap": 31
    },
    "stoploss": {
      "stoploss": -0.6326489567989392
    },
    "trailing": {
      "trailing_only_offset_is_reached": false,
      "trailing_stop": true,
      "trailing_stop_positive": 0.1770814935355943,
      "trailing_stop_positive_offset": 0.5429795268088505
    }
  },
  "strategy_name": "yes"
}