{
  "best_pair": "ADA/USDT",
  "best_trade_profit_pct": 0.0,
  "final_balance": 47.56477626999998,
  "max_drawdown_pct": 62.528123234690334,
  "profit_factor": 0.6887448162166979,
  "sharpe_ratio": -0.3687429435990734,
  "total_profit_abs": -32.43522373,
  "total_profit_pct": -40.544029662499995,
  "total_trades": 95,
  "win_rate": 0.6210526315789474,
  "worst_pair": "ETH/USDT",
  "worst_trade_profit_pct": 0.0
}