{
  "export_time": "2026-04-25T18:48:18.200781+00:00",
  "ft_stratparam_v": 1,
  "params": {
    "buy": {
      "buy_ma_count": 8,
      "buy_ma_gap": 31
    },
    "max_open_trades": {
      "max_open_trades": 2
    },
    "roi": {
      "0": 0.7935822187828465,
      "13": 0.749852243719738,
      "146": 0.23192446216028395,
      "38": 0.6489281928191157
    },
    "sell": {
      "sell_ma_count": 12,
      "sell_ma_gap": 39
    },
    "stoploss": {
      "stoploss": -0.5573965670853818
    },
    "trailing": {
      "trailing_only_offset_is_reached": false,
      "trailing_stop": true,
      "trailing_stop_positive": 0.06256184955425378,
      "trailing_stop_positive_offset": 0.09469320284737365
    }
  },
  "strategy_name": "yes"
}