{
  "best_pair": "XRP/USDT",
  "best_trade_profit_pct": 0.0,
  "final_balance": 113.70109912000004,
  "max_drawdown_pct": 25.153214334099662,
  "profit_factor": 0.40764668100749174,
  "sharpe_ratio": -1.6755988964162474,
  "total_profit_abs": -36.29890087999999,
  "total_profit_pct": -24.199267253333325,
  "total_trades": 151,
  "win_rate": 0.7615894039735099,
  "worst_pair": "HOME/USDT",
  "worst_trade_profit_pct": 0.0
}