{
  "best_pair": "ADA/USDT",
  "best_trade_profit_pct": 0.0,
  "final_balance": 92.34352029,
  "max_drawdown_pct": 12.354594656805789,
  "profit_factor": 1.7905796844481585,
  "sharpe_ratio": 0.22029022948977936,
  "total_profit_abs": 12.343520290000004,
  "total_profit_pct": 15.429400362500006,
  "total_trades": 21,
  "win_rate": 0.6666666666666665,
  "worst_pair": "ETH/USDT",
  "worst_trade_profit_pct": 0.0
}