{
  "export_time": "2026-04-25T19:43:43.929561+00:00",
  "ft_stratparam_v": 1,
  "params": {
    "buy": {
      "buy_ma_count": 3,
      "buy_ma_gap": 14
    },
    "max_open_trades": {
      "max_open_trades": 2
    },
    "roi": {
      "0": 1.0529788151350512,
      "13": 0.8634540725509479,
      "146": 0.12161333692853761,
      "38": 0.001402424715417374
    },
    "sell": {
      "sell_ma_count": 12,
      "sell_ma_gap": 49
    },
    "stoploss": {
      "stoploss": -0.9828868200098446
    },
    "trailing": {
      "trailing_only_offset_is_reached": true,
      "trailing_stop": false,
      "trailing_stop_positive": 0.4847865979181361,
      "trailing_stop_positive_offset": 0.3732126045311421
    }
  },
  "strategy_name": "yes"
}