{
  "best_pair": "ETH/USDT",
  "best_trade_profit_pct": 0.0,
  "final_balance": 119.13767681000002,
  "max_drawdown_pct": 21.190605739999995,
  "profit_factor": 0.416021052189197,
  "sharpe_ratio": -0.520563133895279,
  "total_profit_abs": -30.862323189999998,
  "total_profit_pct": -20.574882126666665,
  "total_trades": 32,
  "win_rate": 0.3125,
  "worst_pair": "HOME/USDT",
  "worst_trade_profit_pct": 0.0
}