{
  "buy_params": {
    "buy_ma_count": 8,
    "buy_ma_gap": 9
  },
  "minimal_roi": {
    "0": 0.9790576886874893,
    "13": 0.6764243618054773,
    "146": 0.040312957433344995,
    "38": 0.3687957604435925
  },
  "sell_params": {
    "sell_ma_count": 18,
    "sell_ma_gap": 44
  },
  "stoploss": -0.3811146878248476,
  "trailing_only_offset_is_reached": false,
  "trailing_stop": true,
  "trailing_stop_positive": 0.17521393048767503,
  "trailing_stop_positive_offset": 0.016050687114830847
}