{
  "best_pair": "ADA/USDT",
  "best_trade_profit_pct": 0.0,
  "final_balance": 31.584418260000078,
  "max_drawdown_pct": 62.87880107499991,
  "profit_factor": 0.551151716949348,
  "sharpe_ratio": -10.64235182701642,
  "total_profit_abs": -48.41558174,
  "total_profit_pct": -60.519477175000006,
  "total_trades": 963,
  "win_rate": 0.29698857736240913,
  "worst_pair": "ETH/USDT",
  "worst_trade_profit_pct": 0.0
}