{
  "best_pair": "XRP/USDT",
  "best_trade_profit_pct": 0.0,
  "final_balance": 126.54502535,
  "max_drawdown_pct": 26.929931039964437,
  "profit_factor": 0.7687336150312989,
  "sharpe_ratio": -0.31975031549164135,
  "total_profit_abs": -23.454974649999997,
  "total_profit_pct": -15.636649766666666,
  "total_trades": 56,
  "win_rate": 0.35714285714285715,
  "worst_pair": "HOME/USDT",
  "worst_trade_profit_pct": 0.0
}