{
  "export_time": "2026-04-25T17:17:23.887003+00:00",
  "ft_stratparam_v": 1,
  "params": {
    "buy": {
      "buy_ma_count": 8,
      "buy_ma_gap": 1
    },
    "max_open_trades": {
      "max_open_trades": 2
    },
    "roi": {
      "0": 0.7586516388532388,
      "13": 0.6537325538573272,
      "146": 0.28995152754217945,
      "38": 0.1211117131805331
    },
    "sell": {
      "sell_ma_count": 15,
      "sell_ma_gap": 35
    },
    "stoploss": {
      "stoploss": -0.4246242335996893
    },
    "trailing": {
      "trailing_only_offset_is_reached": true,
      "trailing_stop": true,
      "trailing_stop_positive": 0.14422868336185013,
      "trailing_stop_positive_offset": 0.2298950431504767
    }
  },
  "strategy_name": "MultiMeee"
}