{
  "best_pair": "ETH/USDT",
  "best_trade_profit_pct": 0.0,
  "final_balance": 159.22438688,
  "max_drawdown_pct": 5.756942495271134,
  "profit_factor": 1.5910324379520457,
  "sharpe_ratio": 0.12148650708121801,
  "total_profit_abs": 9.22438688,
  "total_profit_pct": 6.149591253333334,
  "total_trades": 14,
  "win_rate": 0.42857142857142855,
  "worst_pair": "ADA/USDT",
  "worst_trade_profit_pct": 0.0
}