{
  "best_pair": "ADA/USDT",
  "best_trade_profit_pct": 0.0,
  "final_balance": 71.25682436,
  "max_drawdown_pct": 12.162246808966794,
  "profit_factor": 0.8587426100577844,
  "sharpe_ratio": -1.127137162447557,
  "total_profit_abs": -8.74317564,
  "total_profit_pct": -10.928969550000001,
  "total_trades": 379,
  "win_rate": 0.3588390501319261,
  "worst_pair": "ETH/USDT",
  "worst_trade_profit_pct": 0.0
}