{
  "best_pair": "XRP/USDT",
  "best_trade_profit_pct": 0.0,
  "final_balance": 227.00748132,
  "max_drawdown_pct": 11.299095975294891,
  "profit_factor": 2.2263059183792566,
  "sharpe_ratio": 0.8957883769560896,
  "total_profit_abs": 77.00748132,
  "total_profit_pct": 51.33832088,
  "total_trades": 46,
  "win_rate": 0.7391304347826086,
  "worst_pair": "HOME/USDT",
  "worst_trade_profit_pct": 0.0
}