{
  "best_pair": "XRP/USDT",
  "best_trade_profit_pct": 0.0,
  "final_balance": 113.8199783,
  "max_drawdown_pct": 25.321914114993678,
  "profit_factor": 0.73100586394352,
  "sharpe_ratio": -2.4273054051406766,
  "total_profit_abs": -36.1800217,
  "total_profit_pct": -24.120014466666664,
  "total_trades": 469,
  "win_rate": 0.31556503198294245,
  "worst_pair": "HOME/USDT",
  "worst_trade_profit_pct": 0.0
}