{
  "best_pair": "ADA/USDT",
  "best_trade_profit_pct": 0.0,
  "final_balance": 77.06345615000001,
  "max_drawdown_pct": 8.556815294227835,
  "profit_factor": 0.9225848324547002,
  "sharpe_ratio": -0.30325524629435985,
  "total_profit_abs": -2.9365438499999987,
  "total_profit_pct": -3.670679812499998,
  "total_trades": 200,
  "win_rate": 0.43,
  "worst_pair": "ETH/USDT",
  "worst_trade_profit_pct": 0.0
}