{
  "best_pair": "ADA/USDT",
  "best_trade_profit_pct": 0.0,
  "final_balance": 72.76473199,
  "max_drawdown_pct": 9.044085012499998,
  "profit_factor": 0.0008487127090590869,
  "sharpe_ratio": -0.30577178571118785,
  "total_profit_abs": -7.2352680099999995,
  "total_profit_pct": -9.0440850125,
  "total_trades": 5,
  "win_rate": 0.2,
  "worst_pair": "ETH/USDT",
  "worst_trade_profit_pct": 0.0
}