{
  "best_pair": "ETH/USDT",
  "best_trade_profit_pct": 0.0,
  "final_balance": 200.99087657,
  "max_drawdown_pct": 11.9983301451517,
  "profit_factor": 2.4536281468294403,
  "sharpe_ratio": 0.32864389214724876,
  "total_profit_abs": 50.990876570000005,
  "total_profit_pct": 33.99391771333334,
  "total_trades": 22,
  "win_rate": 0.4090909090909091,
  "worst_pair": "ADA/USDT",
  "worst_trade_profit_pct": 0.0
}