{
  "best_pair": "XRP/USDT",
  "best_trade_profit_pct": 0.0,
  "final_balance": 129.27768188,
  "max_drawdown_pct": 14.299694106666664,
  "profit_factor": 0.39938495824874665,
  "sharpe_ratio": -0.3444398353342007,
  "total_profit_abs": -20.72231812,
  "total_profit_pct": -13.814878746666666,
  "total_trades": 19,
  "win_rate": 0.21052631578947367,
  "worst_pair": "HOME/USDT",
  "worst_trade_profit_pct": 0.0
}