{
  "export_time": "2026-04-25T19:45:19.999027+00:00",
  "ft_stratparam_v": 1,
  "params": {
    "buy": {
      "buy_ma_count": 1,
      "buy_ma_gap": 10
    },
    "max_open_trades": {
      "max_open_trades": 2
    },
    "roi": {
      "0": 1.25075763148239,
      "13": 0.586564713211968,
      "146": 0.13580169705002482,
      "38": 0.11648347339944871
    },
    "sell": {
      "sell_ma_count": 12,
      "sell_ma_gap": 50
    },
    "stoploss": {
      "stoploss": -0.953337312042725
    },
    "trailing": {
      "trailing_only_offset_is_reached": true,
      "trailing_stop": false,
      "trailing_stop_positive": 0.4458659782698777,
      "trailing_stop_positive_offset": 0.4354982424017796
    }
  },
  "strategy_name": "yes"
}