{
  "export_time": "2026-04-25T19:44:10.369718+00:00",
  "ft_stratparam_v": 1,
  "params": {
    "buy": {
      "buy_ma_count": 1,
      "buy_ma_gap": 8
    },
    "max_open_trades": {
      "max_open_trades": 2
    },
    "roi": {
      "0": 1.2979399541373768,
      "13": 0.6144437289900776,
      "146": 0.028376342677784137,
      "38": 0.30999467239842154
    },
    "sell": {
      "sell_ma_count": 15,
      "sell_ma_gap": 49
    },
    "stoploss": {
      "stoploss": -0.7477270626505818
    },
    "trailing": {
      "trailing_only_offset_is_reached": true,
      "trailing_stop": false,
      "trailing_stop_positive": 0.25626954590159884,
      "trailing_stop_positive_offset": 0.27909816456252207
    }
  },
  "strategy_name": "yes"
}