{
  "best_pair": "ADA/USDT",
  "best_trade_profit_pct": 0.0,
  "final_balance": 69.88838748999999,
  "max_drawdown_pct": 14.759101166460212,
  "profit_factor": 0.8650387627110867,
  "sharpe_ratio": -1.2645602458869447,
  "total_profit_abs": -10.11161251,
  "total_profit_pct": -12.6395156375,
  "total_trades": 450,
  "win_rate": 0.37111111111111117,
  "worst_pair": "ETH/USDT",
  "worst_trade_profit_pct": 0.0
}