{
  "best_pair": "XRP/USDT",
  "best_trade_profit_pct": 0.0,
  "final_balance": 149.92617659,
  "max_drawdown_pct": 5.751963139089213,
  "profit_factor": 0.9929099881846789,
  "sharpe_ratio": -0.0012492071171832325,
  "total_profit_abs": -0.07382341000000059,
  "total_profit_pct": -0.04921560666666706,
  "total_trades": 9,
  "win_rate": 0.4444444444444444,
  "worst_pair": "HOME/USDT",
  "worst_trade_profit_pct": 0.0
}