{
  "best_pair": "XRP/USDT",
  "best_trade_profit_pct": 0.0,
  "final_balance": 215.67645675,
  "max_drawdown_pct": 11.429031706437742,
  "profit_factor": 2.16705821932699,
  "sharpe_ratio": 1.0395921812339388,
  "total_profit_abs": 65.67645674999999,
  "total_profit_pct": 43.78430449999999,
  "total_trades": 55,
  "win_rate": 0.7272727272727273,
  "worst_pair": "HOME/USDT",
  "worst_trade_profit_pct": 0.0
}