{
  "buy_params": {
    "buy_ma_count": 3,
    "buy_ma_gap": 9
  },
  "minimal_roi": {
    "0": 1.4219611101413874,
    "13": 1.109748031361668,
    "146": 0.051769980395478386,
    "38": 0.013540959712659017
  },
  "sell_params": {
    "sell_ma_count": 11,
    "sell_ma_gap": 46
  },
  "stoploss": -0.9351638869622727,
  "trailing_only_offset_is_reached": true,
  "trailing_stop": false,
  "trailing_stop_positive": 0.4372965678631604,
  "trailing_stop_positive_offset": 0.31070263636630274
}