{
  "best_pair": "ADA/USDT",
  "best_trade_profit_pct": 0.0,
  "final_balance": 71.22448714,
  "max_drawdown_pct": 12.551313599627697,
  "profit_factor": 0.32578654939276314,
  "sharpe_ratio": -0.1533580108805372,
  "total_profit_abs": -8.775512860000001,
  "total_profit_pct": -10.969391075,
  "total_trades": 6,
  "win_rate": 0.5,
  "worst_pair": "ETH/USDT",
  "worst_trade_profit_pct": 0.0
}