{
  "best_pair": "ETH/USDT",
  "best_trade_profit_pct": 0.0,
  "final_balance": 148.02875284,
  "max_drawdown_pct": 3.970437419999996,
  "profit_factor": 0.6690125962661985,
  "sharpe_ratio": -0.04780077425683829,
  "total_profit_abs": -1.9712471600000003,
  "total_profit_pct": -1.3141647733333337,
  "total_trades": 5,
  "win_rate": 0.4,
  "worst_pair": "ADA/USDT",
  "worst_trade_profit_pct": 0.0
}