{
  "best_pair": "XRP/USDT",
  "best_trade_profit_pct": 0.0,
  "final_balance": 100.47958475000001,
  "max_drawdown_pct": 36.51532088296051,
  "profit_factor": 0.7065821933294052,
  "sharpe_ratio": -3.8219140993080285,
  "total_profit_abs": -49.52041525,
  "total_profit_pct": -33.013610166666666,
  "total_trades": 687,
  "win_rate": 0.3158660844250364,
  "worst_pair": "HOME/USDT",
  "worst_trade_profit_pct": 0.0
}