{
  "best_pair": "XRP/USDT",
  "best_trade_profit_pct": 0.0,
  "final_balance": 185.95793448999999,
  "max_drawdown_pct": 12.33993744300542,
  "profit_factor": 1.5620468076219534,
  "sharpe_ratio": 1.011002097911154,
  "total_profit_abs": 35.95793449000001,
  "total_profit_pct": 23.97195632666667,
  "total_trades": 150,
  "win_rate": 0.9066666666666666,
  "worst_pair": "HOME/USDT",
  "worst_trade_profit_pct": 0.0
}