{
  "best_pair": "ADA/USDT",
  "best_trade_profit_pct": 0.0,
  "final_balance": 64.12857934,
  "max_drawdown_pct": 19.839275824999998,
  "profit_factor": 0.7914136029916568,
  "sharpe_ratio": -2.1035667453280644,
  "total_profit_abs": -15.871420660000002,
  "total_profit_pct": -19.839275825,
  "total_trades": 462,
  "win_rate": 0.3917748917748918,
  "worst_pair": "ETH/USDT",
  "worst_trade_profit_pct": 0.0
}