{
  "best_pair": "XRP/USDT",
  "best_trade_profit_pct": 0.0,
  "final_balance": 200.01729852,
  "max_drawdown_pct": 8.79260880196019,
  "profit_factor": 2.6060454675157705,
  "sharpe_ratio": 1.7002366905720057,
  "total_profit_abs": 50.017298520000004,
  "total_profit_pct": 33.344865680000005,
  "total_trades": 89,
  "win_rate": 0.898876404494382,
  "worst_pair": "HOME/USDT",
  "worst_trade_profit_pct": 0.0
}