{
  "best_pair": "XRP/USDT",
  "best_trade_profit_pct": 0.0,
  "final_balance": 90.23768566000005,
  "max_drawdown_pct": 41.79293826666664,
  "profit_factor": 0.7828198220691532,
  "sharpe_ratio": -4.532445357460843,
  "total_profit_abs": -59.76231434,
  "total_profit_pct": -39.84154289333334,
  "total_trades": 1125,
  "win_rate": 0.30577777777777776,
  "worst_pair": "HOME/USDT",
  "worst_trade_profit_pct": 0.0
}