{
  "buy_params": {
    "buy_ma_count": 6,
    "buy_ma_gap": 49
  },
  "minimal_roi": {
    "0": 0.33488487079787066,
    "13": 1.4978380062762984,
    "146": 0.28579171717385443,
    "38": 0.1291407857843765
  },
  "sell_params": {
    "sell_ma_count": 8,
    "sell_ma_gap": 23
  },
  "stoploss": -0.35572052910964225,
  "trailing_only_offset_is_reached": false,
  "trailing_stop": false,
  "trailing_stop_positive": 0.035901579046793364,
  "trailing_stop_positive_offset": 0.07608643720701834
}