{
  "best_pair": "XRP/USDT",
  "best_trade_profit_pct": 0.0,
  "final_balance": 71.74166865999993,
  "max_drawdown_pct": 52.9678160496893,
  "profit_factor": 0.6245906548108595,
  "sharpe_ratio": -11.475766167042533,
  "total_profit_abs": -78.25833134,
  "total_profit_pct": -52.17222089333333,
  "total_trades": 1571,
  "win_rate": 0.2603437301082113,
  "worst_pair": "HOME/USDT",
  "worst_trade_profit_pct": 0.0
}