{
  "best_pair": "XRP/USDT",
  "best_trade_profit_pct": 0.0,
  "final_balance": 158.96077395,
  "max_drawdown_pct": 1.8269821533333281,
  "profit_factor": 2.5463764108600984,
  "sharpe_ratio": 0.10831534201314749,
  "total_profit_abs": 8.96077395,
  "total_profit_pct": 5.9738493,
  "total_trades": 8,
  "win_rate": 0.5,
  "worst_pair": "HOME/USDT",
  "worst_trade_profit_pct": 0.0
}