{
  "best_pair": "XRP/USDT",
  "best_trade_profit_pct": 0.0,
  "final_balance": 16.623660159999957,
  "max_drawdown_pct": 89.13763288917606,
  "profit_factor": 0.4274786144325713,
  "sharpe_ratio": -42.46791799339378,
  "total_profit_abs": -133.37633983999999,
  "total_profit_pct": -88.91755989333332,
  "total_trades": 3670,
  "win_rate": 0.22724795640326975,
  "worst_pair": "HOME/USDT",
  "worst_trade_profit_pct": 0.0
}