{
  "buy_params": {
    "buy_ma_count": 15,
    "buy_ma_gap": 4
  },
  "minimal_roi": {
    "0": 0.7731760159467433,
    "13": 1.0930194234080106,
    "146": 0.27310390491182984,
    "38": 0.528876909460032
  },
  "sell_params": {
    "sell_ma_count": 19,
    "sell_ma_gap": 50
  },
  "stoploss": -0.7920036060578095,
  "trailing_only_offset_is_reached": true,
  "trailing_stop": true,
  "trailing_stop_positive": 0.489283892721945,
  "trailing_stop_positive_offset": 0.2987821757204112
}