{
  "best_pair": "XRP/USDT",
  "best_trade_profit_pct": 0.0,
  "final_balance": 230.59216737000003,
  "max_drawdown_pct": 8.290066290353487,
  "profit_factor": 2.509958357879247,
  "sharpe_ratio": 1.4717569115477855,
  "total_profit_abs": 80.59216736999998,
  "total_profit_pct": 53.72811157999999,
  "total_trades": 66,
  "win_rate": 0.7727272727272727,
  "worst_pair": "HOME/USDT",
  "worst_trade_profit_pct": 0.0
}