{
  "best_pair": "XRP/USDT",
  "best_trade_profit_pct": 0.0,
  "final_balance": 271.73671762000004,
  "max_drawdown_pct": 11.843700804058004,
  "profit_factor": 3.404133363006993,
  "sharpe_ratio": 1.2931238203546995,
  "total_profit_abs": 121.73671762000001,
  "total_profit_pct": 81.15781174666668,
  "total_trades": 43,
  "win_rate": 0.6744186046511628,
  "worst_pair": "HOME/USDT",
  "worst_trade_profit_pct": 0.0
}