{
  "export_time": "2026-04-25T19:46:30.075418+00:00",
  "ft_stratparam_v": 1,
  "params": {
    "buy": {
      "buy_ma_count": 3,
      "buy_ma_gap": 7
    },
    "max_open_trades": {
      "max_open_trades": 2
    },
    "roi": {
      "0": 1.2483461005168952,
      "13": 0.5741152253615058,
      "146": 0.0745588655199301,
      "38": 0.07721823915878405
    },
    "sell": {
      "sell_ma_count": 9,
      "sell_ma_gap": 49
    },
    "stoploss": {
      "stoploss": -0.9516653227568116
    },
    "trailing": {
      "trailing_only_offset_is_reached": true,
      "trailing_stop": false,
      "trailing_stop_positive": 0.49784383355521206,
      "trailing_stop_positive_offset": 0.25287651537174555
    }
  },
  "strategy_name": "yes"
}