{
  "best_pair": "XRP/USDT",
  "best_trade_profit_pct": 0.0,
  "final_balance": 196.84569565,
  "max_drawdown_pct": 2.758956407193438,
  "profit_factor": 7.893345922784314,
  "sharpe_ratio": 0.21067505069281214,
  "total_profit_abs": 46.84569565,
  "total_profit_pct": 31.230463766666666,
  "total_trades": 7,
  "win_rate": 0.5714285714285714,
  "worst_pair": "HOME/USDT",
  "worst_trade_profit_pct": 0.0
}