{
  "buy_params": {
    "buy_ma_count": 18,
    "buy_ma_gap": 6
  },
  "minimal_roi": {
    "0": 0.045194896808143925,
    "13": 1.3413856551071168,
    "146": 0.5672246187825227,
    "38": 0.41826222155117887
  },
  "sell_params": {
    "sell_ma_count": 19,
    "sell_ma_gap": 39
  },
  "stoploss": -0.5253093934724806,
  "trailing_only_offset_is_reached": false,
  "trailing_stop": false,
  "trailing_stop_positive": 0.38592215274264524,
  "trailing_stop_positive_offset": 0.4094995733520945
}