{
  "best_pair": "XRP/USDT",
  "best_trade_profit_pct": 0.0,
  "final_balance": 191.87135915000002,
  "max_drawdown_pct": 9.436128379199783,
  "profit_factor": 1.7653808262334312,
  "sharpe_ratio": 1.0549398286804967,
  "total_profit_abs": 41.871359149999996,
  "total_profit_pct": 27.914239433333332,
  "total_trades": 90,
  "win_rate": 0.8333333333333335,
  "worst_pair": "HOME/USDT",
  "worst_trade_profit_pct": 0.0
}