{
  "best_pair": "ADA/USDT",
  "best_trade_profit_pct": 0.0,
  "final_balance": 81.75744458,
  "max_drawdown_pct": 28.30437295918878,
  "profit_factor": 1.034544661393244,
  "sharpe_ratio": 0.03578198786607523,
  "total_profit_abs": 1.7574445799999987,
  "total_profit_pct": 2.1968057249999986,
  "total_trades": 56,
  "win_rate": 0.6785714285714286,
  "worst_pair": "ETH/USDT",
  "worst_trade_profit_pct": 0.0
}