{
  "best_pair": "XRP/USDT",
  "best_trade_profit_pct": 0.0,
  "final_balance": 224.55471058,
  "max_drawdown_pct": 4.915973873986401,
  "profit_factor": 2.90169004517398,
  "sharpe_ratio": 0.5928217029890402,
  "total_profit_abs": 74.55471058,
  "total_profit_pct": 49.703140386666675,
  "total_trades": 30,
  "win_rate": 0.5333333333333333,
  "worst_pair": "HOME/USDT",
  "worst_trade_profit_pct": 0.0
}