{
  "buy_params": {
    "buy_ma_count": 1,
    "buy_ma_gap": 19
  },
  "minimal_roi": {
    "0": 1.5185697727438392,
    "13": 0.013875202212177307,
    "146": 0.0054996739031129005,
    "38": 0.6703592073726267
  },
  "sell_params": {
    "sell_ma_count": 20,
    "sell_ma_gap": 50
  },
  "stoploss": -0.9212873048908335,
  "trailing_only_offset_is_reached": true,
  "trailing_stop": false,
  "trailing_stop_positive": 0.13288788234570595,
  "trailing_stop_positive_offset": 0.0037083209334101974
}