{
  "export_time": "2026-04-25T19:46:44.793838+00:00",
  "ft_stratparam_v": 1,
  "params": {
    "buy": {
      "buy_ma_count": 4,
      "buy_ma_gap": 6
    },
    "max_open_trades": {
      "max_open_trades": 2
    },
    "roi": {
      "0": 1.4253519556513792,
      "13": 0.6799539146036665,
      "146": 0.02543822701625731,
      "38": 0.0586270900951899
    },
    "sell": {
      "sell_ma_count": 12,
      "sell_ma_gap": 47
    },
    "stoploss": {
      "stoploss": -0.8833862345765148
    },
    "trailing": {
      "trailing_only_offset_is_reached": true,
      "trailing_stop": false,
      "trailing_stop_positive": 0.45944388535802483,
      "trailing_stop_positive_offset": 0.3336545989555092
    }
  },
  "strategy_name": "yes"
}