{
  "best_pair": "XRP/USDT",
  "best_trade_profit_pct": 0.0,
  "final_balance": 249.80703068,
  "max_drawdown_pct": 12.136103306121015,
  "profit_factor": 2.5591538635502498,
  "sharpe_ratio": 1.2754145565618775,
  "total_profit_abs": 99.80703067999998,
  "total_profit_pct": 66.53802045333333,
  "total_trades": 54,
  "win_rate": 0.7037037037037037,
  "worst_pair": "HOME/USDT",
  "worst_trade_profit_pct": 0.0
}