{
  "best_pair": "ADA/USDT",
  "best_trade_profit_pct": 0.0,
  "final_balance": 37.40895467999995,
  "max_drawdown_pct": 56.030369150000084,
  "profit_factor": 0.6385357433588883,
  "sharpe_ratio": -7.496077412310127,
  "total_profit_abs": -42.591045320000006,
  "total_profit_pct": -53.23880665,
  "total_trades": 879,
  "win_rate": 0.3469852104664392,
  "worst_pair": "ETH/USDT",
  "worst_trade_profit_pct": 0.0
}