{
  "export_time": "2026-04-25T19:35:51.782339+00:00",
  "ft_stratparam_v": 1,
  "params": {
    "buy": {
      "buy_ma_count": 2,
      "buy_ma_gap": 19
    },
    "max_open_trades": {
      "max_open_trades": 2
    },
    "roi": {
      "0": 1.0680011867696537,
      "13": 0.11766891065854976,
      "146": 0.0005874620290722277,
      "38": 0.5399546815030253
    },
    "sell": {
      "sell_ma_count": 18,
      "sell_ma_gap": 38
    },
    "stoploss": {
      "stoploss": -0.9033629345428785
    },
    "trailing": {
      "trailing_only_offset_is_reached": true,
      "trailing_stop": true,
      "trailing_stop_positive": 0.15402788777413662,
      "trailing_stop_positive_offset": 0.024974223302076246
    }
  },
  "strategy_name": "yes"
}