{
  "export_time": "2026-04-25T18:47:13.694780+00:00",
  "ft_stratparam_v": 1,
  "params": {
    "buy": {
      "buy_ma_count": 10,
      "buy_ma_gap": 46
    },
    "max_open_trades": {
      "max_open_trades": 2
    },
    "roi": {
      "0": 0.8583812585727446,
      "13": 1.7701829167187881,
      "146": 0.8389486142439329,
      "38": 0.44446366294127543
    },
    "sell": {
      "sell_ma_count": 18,
      "sell_ma_gap": 32
    },
    "stoploss": {
      "stoploss": -0.7569851524468931
    },
    "trailing": {
      "trailing_only_offset_is_reached": true,
      "trailing_stop": false,
      "trailing_stop_positive": 0.170627879163243,
      "trailing_stop_positive_offset": 0.20793512650516166
    }
  },
  "strategy_name": "yes"
}