{
  "best_pair": "XRP/USDT",
  "best_trade_profit_pct": 0.0,
  "final_balance": 179.07049567,
  "max_drawdown_pct": 8.17361758911478,
  "profit_factor": 1.90694601725469,
  "sharpe_ratio": 0.295607822741422,
  "total_profit_abs": 29.070495670000007,
  "total_profit_pct": 19.380330446666672,
  "total_trades": 21,
  "win_rate": 0.4761904761904761,
  "worst_pair": "HOME/USDT",
  "worst_trade_profit_pct": 0.0
}