{
  "buy_params": {
    "buy_ma_count": 10,
    "buy_ma_gap": 15
  },
  "minimal_roi": {
    "0": 1.9378656494495574,
    "13": 0.060258764330506656,
    "146": 0.17541174568543166,
    "38": 0.5945166300592847
  },
  "sell_params": {
    "sell_ma_count": 9,
    "sell_ma_gap": 42
  },
  "stoploss": -0.6120049910798456,
  "trailing_only_offset_is_reached": false,
  "trailing_stop": false,
  "trailing_stop_positive": 0.4053397398547968,
  "trailing_stop_positive_offset": 0.039529988596920265
}