{
  "best_pair": "XRP/USDT",
  "best_trade_profit_pct": 0.0,
  "final_balance": 82.87029481000003,
  "max_drawdown_pct": 46.96701599628779,
  "profit_factor": 0.6704100851992144,
  "sharpe_ratio": -5.939427704440011,
  "total_profit_abs": -67.12970519000001,
  "total_profit_pct": -44.75313679333334,
  "total_trades": 1074,
  "win_rate": 0.2783985102420857,
  "worst_pair": "HOME/USDT",
  "worst_trade_profit_pct": 0.0
}