{
  "export_time": "2026-04-25T17:15:39.604441+00:00",
  "ft_stratparam_v": 1,
  "params": {
    "buy": {
      "buy_ma_count": 6,
      "buy_ma_gap": 31
    },
    "max_open_trades": {
      "max_open_trades": 2
    },
    "roi": {
      "0": 0.6593940687679613,
      "13": 0.746084197439171,
      "146": 0.5617962344929848,
      "38": 0.002814272913165494
    },
    "sell": {
      "sell_ma_count": 5,
      "sell_ma_gap": 32
    },
    "stoploss": {
      "stoploss": -0.7317883085089902
    },
    "trailing": {
      "trailing_only_offset_is_reached": false,
      "trailing_stop": false,
      "trailing_stop_positive": 0.08436745437402171,
      "trailing_stop_positive_offset": 1.1030869688365463
    }
  },
  "strategy_name": "MultiMeee"
}