{
  "best_pair": "ADA/USDT",
  "best_trade_profit_pct": 0.0,
  "final_balance": 74.98818031,
  "max_drawdown_pct": 10.481144645964747,
  "profit_factor": 0.897325119894188,
  "sharpe_ratio": -0.5322517165265895,
  "total_profit_abs": -5.0118196899999985,
  "total_profit_pct": -6.264774612499998,
  "total_trades": 255,
  "win_rate": 0.42745098039215684,
  "worst_pair": "ETH/USDT",
  "worst_trade_profit_pct": 0.0
}