{
  "export_time": "2026-04-25T19:33:30.051711+00:00",
  "ft_stratparam_v": 1,
  "params": {
    "buy": {
      "buy_ma_count": 19,
      "buy_ma_gap": 21
    },
    "max_open_trades": {
      "max_open_trades": 2
    },
    "roi": {
      "0": 1.386727689687147,
      "13": 0.6617729598840495,
      "146": 0.03203608461827581,
      "38": 0.5530492031392166
    },
    "sell": {
      "sell_ma_count": 20,
      "sell_ma_gap": 13
    },
    "stoploss": {
      "stoploss": -0.9087563793921903
    },
    "trailing": {
      "trailing_only_offset_is_reached": true,
      "trailing_stop": true,
      "trailing_stop_positive": 0.16335385223027765,
      "trailing_stop_positive_offset": 0.10821674114462415
    }
  },
  "strategy_name": "yes"
}