{
  "best_pair": "XRP/USDT",
  "best_trade_profit_pct": 0.0,
  "final_balance": 12.749962830000072,
  "max_drawdown_pct": 91.55646591625796,
  "profit_factor": 0.5611321607471488,
  "sharpe_ratio": -33.72790649116695,
  "total_profit_abs": -137.25003716999998,
  "total_profit_pct": -91.50002477999999,
  "total_trades": 4219,
  "win_rate": 0.28561270443232994,
  "worst_pair": "HOME/USDT",
  "worst_trade_profit_pct": 0.0
}