{
  "best_pair": "XRP/USDT",
  "best_trade_profit_pct": 0.0,
  "final_balance": 161.48073334,
  "max_drawdown_pct": 3.8473460031996933,
  "profit_factor": 1.6252012671647715,
  "sharpe_ratio": 0.1836681424490881,
  "total_profit_abs": 11.48073334,
  "total_profit_pct": 7.653822226666667,
  "total_trades": 16,
  "win_rate": 0.5,
  "worst_pair": "HOME/USDT",
  "worst_trade_profit_pct": 0.0
}