{
  "buy_params": {},
  "minimal_roi": {
    "0": 0.7588160485463413,
    "13": 0.6631255360408145,
    "146": 0.29548035363445635,
    "38": 0.15214559216362566
  },
  "sell_params": {},
  "stoploss": -0.6005429983909293
}