{
  "best_pair": "XRP/USDT",
  "best_trade_profit_pct": 0.0,
  "final_balance": 83.87955326999982,
  "max_drawdown_pct": 45.324592062557926,
  "profit_factor": 0.7241080427093948,
  "sharpe_ratio": -7.111391131748132,
  "total_profit_abs": -66.12044673,
  "total_profit_pct": -44.08029782,
  "total_trades": 1327,
  "win_rate": 0.29540316503391106,
  "worst_pair": "HOME/USDT",
  "worst_trade_profit_pct": 0.0
}