{
  "best_pair": "XRP/USDT",
  "best_trade_profit_pct": 0.0,
  "final_balance": 51.941849380000036,
  "max_drawdown_pct": 66.17369621576162,
  "profit_factor": 0.6815542120893905,
  "sharpe_ratio": -10.33869205431214,
  "total_profit_abs": -98.05815062,
  "total_profit_pct": -65.37210041333333,
  "total_trades": 1702,
  "win_rate": 0.30434782608695654,
  "worst_pair": "HOME/USDT",
  "worst_trade_profit_pct": 0.0
}