{
  "buy_params": {
    "buy_ma_count": 4,
    "buy_ma_gap": 37
  },
  "minimal_roi": {
    "0": 0.1353571081932313,
    "13": 1.5259687313956656,
    "146": 0.10669768644592895,
    "38": 0.061190656289024564
  },
  "sell_params": {
    "sell_ma_count": 14,
    "sell_ma_gap": 12
  },
  "stoploss": -0.7816174617050969,
  "trailing_only_offset_is_reached": false,
  "trailing_stop": false,
  "trailing_stop_positive": 0.20039256950154946,
  "trailing_stop_positive_offset": 0.021146690575313314
}