{
  "best_pair": "XRP/USDT",
  "best_trade_profit_pct": 0.0,
  "final_balance": 155.89025277,
  "max_drawdown_pct": 8.337171395183146,
  "profit_factor": 1.089967026642407,
  "sharpe_ratio": 0.11667881340408387,
  "total_profit_abs": 5.890252770000002,
  "total_profit_pct": 3.926835180000001,
  "total_trades": 70,
  "win_rate": 0.34285714285714286,
  "worst_pair": "HOME/USDT",
  "worst_trade_profit_pct": 0.0
}