{
  "best_pair": "ETH/USDT",
  "best_trade_profit_pct": 0.0,
  "final_balance": 118.54692753,
  "max_drawdown_pct": 27.15957452775264,
  "profit_factor": 0.6976104217362294,
  "sharpe_ratio": -0.7064594116157101,
  "total_profit_abs": -31.45307247,
  "total_profit_pct": -20.96871498,
  "total_trades": 134,
  "win_rate": 0.835820895522388,
  "worst_pair": "HOME/USDT",
  "worst_trade_profit_pct": 0.0
}