{
  "best_pair": "ETH/USDT",
  "best_trade_profit_pct": 0.0,
  "final_balance": 165.40480689,
  "max_drawdown_pct": 3.27038741334812,
  "profit_factor": 2.4653994226350924,
  "sharpe_ratio": 0.21391990799540608,
  "total_profit_abs": 15.404806889999996,
  "total_profit_pct": 10.269871259999999,
  "total_trades": 11,
  "win_rate": 0.6363636363636364,
  "worst_pair": "ADA/USDT",
  "worst_trade_profit_pct": 0.0
}