{
  "best_pair": "ETH/USDT",
  "best_trade_profit_pct": 0.0,
  "final_balance": 135.39237565,
  "max_drawdown_pct": 12.891830260000006,
  "profit_factor": 0.7066308402163884,
  "sharpe_ratio": -0.2921585055880028,
  "total_profit_abs": -14.60762435,
  "total_profit_pct": -9.738416233333332,
  "total_trades": 36,
  "win_rate": 0.5833333333333334,
  "worst_pair": "ADA/USDT",
  "worst_trade_profit_pct": 0.0
}