{
  "best_pair": "ETH/USDT",
  "best_trade_profit_pct": 0.0,
  "final_balance": 171.83595302,
  "max_drawdown_pct": 12.751421560164944,
  "profit_factor": 1.4900272546021107,
  "sharpe_ratio": 0.1768406828233322,
  "total_profit_abs": 21.835953020000005,
  "total_profit_pct": 14.557302013333336,
  "total_trades": 23,
  "win_rate": 0.5652173913043478,
  "worst_pair": "HOME/USDT",
  "worst_trade_profit_pct": 0.0
}