{
  "best_pair": "XRP/USDT",
  "best_trade_profit_pct": 0.0,
  "final_balance": 49.561461549999976,
  "max_drawdown_pct": 68.07945458900736,
  "profit_factor": 0.671736145192854,
  "sharpe_ratio": -12.67220129251211,
  "total_profit_abs": -100.43853845000001,
  "total_profit_pct": -66.95902563333334,
  "total_trades": 1869,
  "win_rate": 0.308721241305511,
  "worst_pair": "HOME/USDT",
  "worst_trade_profit_pct": 0.0
}