{
  "best_pair": "ADA/USDT",
  "best_trade_profit_pct": 0.0,
  "final_balance": 74.42484470000001,
  "max_drawdown_pct": 11.015542128288065,
  "profit_factor": 0.8860972618461755,
  "sharpe_ratio": -0.5930168475925884,
  "total_profit_abs": -5.5751553000000005,
  "total_profit_pct": -6.968944125000001,
  "total_trades": 256,
  "win_rate": 0.4453125,
  "worst_pair": "ETH/USDT",
  "worst_trade_profit_pct": 0.0
}