{
  "best_pair": "ADA/USDT",
  "best_trade_profit_pct": 0.0,
  "final_balance": 72.26095375,
  "max_drawdown_pct": 12.681689075414326,
  "profit_factor": 0.7633630239861661,
  "sharpe_ratio": -0.8869057411503094,
  "total_profit_abs": -7.7390462499999995,
  "total_profit_pct": -9.673807812499998,
  "total_trades": 166,
  "win_rate": 0.3795180722891566,
  "worst_pair": "ETH/USDT",
  "worst_trade_profit_pct": 0.0
}