{
  "export_time": "2026-04-25T17:15:22.285645+00:00",
  "ft_stratparam_v": 1,
  "params": {
    "buy": {
      "buy_ma_count": 3,
      "buy_ma_gap": 39
    },
    "max_open_trades": {
      "max_open_trades": 2
    },
    "roi": {
      "0": 0.620656460954656,
      "13": 0.9556782322104153,
      "146": 0.8276877144290897,
      "38": 0.9285220625279486
    },
    "sell": {
      "sell_ma_count": 5,
      "sell_ma_gap": 42
    },
    "stoploss": {
      "stoploss": -0.7260895317305694
    },
    "trailing": {
      "trailing_only_offset_is_reached": true,
      "trailing_stop": true,
      "trailing_stop_positive": 0.09883573831287365,
      "trailing_stop_positive_offset": 1.0418208472379493
    }
  },
  "strategy_name": "MultiMeee"
}