{
  "best_pair": "XRP/USDT",
  "best_trade_profit_pct": 0.0,
  "final_balance": 113.4458606500001,
  "max_drawdown_pct": 25.662997779999934,
  "profit_factor": 0.7707954873318115,
  "sharpe_ratio": -3.7769161707050816,
  "total_profit_abs": -36.55413935,
  "total_profit_pct": -24.369426233333332,
  "total_trades": 899,
  "win_rate": 0.2992213570634038,
  "worst_pair": "HOME/USDT",
  "worst_trade_profit_pct": 0.0
}