{
  "export_time": "2026-04-25T19:39:57.138974+00:00",
  "ft_stratparam_v": 1,
  "params": {
    "buy": {
      "buy_ma_count": 5,
      "buy_ma_gap": 10
    },
    "max_open_trades": {
      "max_open_trades": 2
    },
    "roi": {
      "0": 0.5265017387605632,
      "13": 1.4797003379430673,
      "146": 0.7698297546964277,
      "38": 0.504066504695913
    },
    "sell": {
      "sell_ma_count": 2,
      "sell_ma_gap": 43
    },
    "stoploss": {
      "stoploss": -0.5574855041429211
    },
    "trailing": {
      "trailing_only_offset_is_reached": true,
      "trailing_stop": true,
      "trailing_stop_positive": 0.406081182422837,
      "trailing_stop_positive_offset": 0.4206302612002858
    }
  },
  "strategy_name": "yes"
}