{
  "best_pair": "XRP/USDT",
  "best_trade_profit_pct": 0.0,
  "final_balance": 112.26157546,
  "max_drawdown_pct": 26.779498613333335,
  "profit_factor": 0.7655370915122492,
  "sharpe_ratio": -2.8076144628756854,
  "total_profit_abs": -37.73842454,
  "total_profit_pct": -25.158949693333334,
  "total_trades": 618,
  "win_rate": 0.30258899676375406,
  "worst_pair": "HOME/USDT",
  "worst_trade_profit_pct": 0.0
}