{
  "buy_params": {
    "buy_ma_count": 10,
    "buy_ma_gap": 46
  },
  "minimal_roi": {
    "0": 0.8583812585727446,
    "13": 1.7701829167187881,
    "146": 0.8389486142439329,
    "38": 0.44446366294127543
  },
  "sell_params": {
    "sell_ma_count": 18,
    "sell_ma_gap": 32
  },
  "stoploss": -0.7569851524468931,
  "trailing_only_offset_is_reached": true,
  "trailing_stop": false,
  "trailing_stop_positive": 0.170627879163243,
  "trailing_stop_positive_offset": 0.20793512650516166
}