{
  "export_time": "2026-04-25T19:38:59.808282+00:00",
  "ft_stratparam_v": 1,
  "params": {
    "buy": {
      "buy_ma_count": 14,
      "buy_ma_gap": 1
    },
    "max_open_trades": {
      "max_open_trades": 2
    },
    "roi": {
      "0": 1.0637155471054338,
      "13": 0.8858894917401565,
      "146": 0.42320525559118216,
      "38": 0.7398967406414337
    },
    "sell": {
      "sell_ma_count": 14,
      "sell_ma_gap": 16
    },
    "stoploss": {
      "stoploss": -0.31371132739128804
    },
    "trailing": {
      "trailing_only_offset_is_reached": true,
      "trailing_stop": true,
      "trailing_stop_positive": 0.4986002266276056,
      "trailing_stop_positive_offset": 0.7444504252650354
    }
  },
  "strategy_name": "yes"
}