{
  "best_pair": "XRP/USDT",
  "best_trade_profit_pct": 0.0,
  "final_balance": 114.97537917999998,
  "max_drawdown_pct": 24.225156966666685,
  "profit_factor": 0.7121884227804115,
  "sharpe_ratio": -2.567001284134958,
  "total_profit_abs": -35.024620819999996,
  "total_profit_pct": -23.34974721333333,
  "total_trades": 447,
  "win_rate": 0.3042505592841163,
  "worst_pair": "HOME/USDT",
  "worst_trade_profit_pct": 0.0
}