{
  "best_pair": "ETH/USDT",
  "best_trade_profit_pct": 0.0,
  "final_balance": 149.88909542,
  "max_drawdown_pct": 24.39042460124773,
  "profit_factor": 0.9982839442061701,
  "sharpe_ratio": -0.0009817281831615583,
  "total_profit_abs": -0.1109045799999957,
  "total_profit_pct": -0.0739363866666638,
  "total_trades": 26,
  "win_rate": 0.5,
  "worst_pair": "ADA/USDT",
  "worst_trade_profit_pct": 0.0
}