{
  "best_pair": "XRP/USDT",
  "best_trade_profit_pct": 0.0,
  "final_balance": 20.316193810000215,
  "max_drawdown_pct": 86.6832979524746,
  "profit_factor": 0.5483399459339915,
  "sharpe_ratio": -27.475354860815855,
  "total_profit_abs": -129.68380619000004,
  "total_profit_pct": -86.45587079333336,
  "total_trades": 3525,
  "win_rate": 0.25560283687943264,
  "worst_pair": "HOME/USDT",
  "worst_trade_profit_pct": 0.0
}