{
  "best_pair": "XRP/USDT",
  "best_trade_profit_pct": 0.0,
  "final_balance": 27.71114025999998,
  "max_drawdown_pct": 81.81502980746512,
  "profit_factor": 0.49141798059736286,
  "sharpe_ratio": -29.47886667878263,
  "total_profit_abs": -122.28885973999999,
  "total_profit_pct": -81.52590649333334,
  "total_trades": 2890,
  "win_rate": 0.2328719723183391,
  "worst_pair": "HOME/USDT",
  "worst_trade_profit_pct": 0.0
}