{
  "best_pair": "ETH/USDT",
  "best_trade_profit_pct": 0.0,
  "final_balance": 147.1887526,
  "max_drawdown_pct": 2.6340704000000033,
  "profit_factor": 0.2884909479513785,
  "sharpe_ratio": -0.12426444657093383,
  "total_profit_abs": -2.8112474,
  "total_profit_pct": -1.8741649333333332,
  "total_trades": 4,
  "win_rate": 0.25,
  "worst_pair": "ADA/USDT",
  "worst_trade_profit_pct": 0.0
}