{
  "best_pair": "XRP/USDT",
  "best_trade_profit_pct": 0.0,
  "final_balance": 179.50563737,
  "max_drawdown_pct": 3.2208204866666583,
  "profit_factor": 3.629405700436616,
  "sharpe_ratio": 0.23106808110059654,
  "total_profit_abs": 29.505637369999995,
  "total_profit_pct": 19.67042491333333,
  "total_trades": 13,
  "win_rate": 0.5384615384615384,
  "worst_pair": "HOME/USDT",
  "worst_trade_profit_pct": 0.0
}