{
  "best_pair": "XRP/USDT",
  "best_trade_profit_pct": 0.0,
  "final_balance": 98.15425100000004,
  "max_drawdown_pct": 35.81118015999997,
  "profit_factor": 0.7656662697730746,
  "sharpe_ratio": -4.863610406597993,
  "total_profit_abs": -51.845749,
  "total_profit_pct": -34.56383266666666,
  "total_trades": 1114,
  "win_rate": 0.3096947935368043,
  "worst_pair": "HOME/USDT",
  "worst_trade_profit_pct": 0.0
}