{
  "best_pair": "ADA/USDT",
  "best_trade_profit_pct": 0.0,
  "final_balance": 78.73501458,
  "max_drawdown_pct": 10.771463115711834,
  "profit_factor": 0.9788883924978176,
  "sharpe_ratio": -0.14175100525808812,
  "total_profit_abs": -1.264985419999999,
  "total_profit_pct": -1.581231774999999,
  "total_trades": 340,
  "win_rate": 0.3941176470588236,
  "worst_pair": "ETH/USDT",
  "worst_trade_profit_pct": 0.0
}