{
  "best_pair": "XRP/USDT",
  "best_trade_profit_pct": 0.0,
  "final_balance": 97.81124474000003,
  "max_drawdown_pct": 35.49126645333331,
  "profit_factor": 0.7194584856430675,
  "sharpe_ratio": -4.094521561295785,
  "total_profit_abs": -52.18875526000001,
  "total_profit_pct": -34.79250350666667,
  "total_trades": 801,
  "win_rate": 0.2846441947565543,
  "worst_pair": "HOME/USDT",
  "worst_trade_profit_pct": 0.0
}