{
  "best_pair": "ETH/USDT",
  "best_trade_profit_pct": 0.0,
  "final_balance": 148.25317341,
  "max_drawdown_pct": 2.1845555400000003,
  "profit_factor": 0.46691624970084306,
  "sharpe_ratio": -0.05172618603950258,
  "total_profit_abs": -1.7468265899999997,
  "total_profit_pct": -1.16455106,
  "total_trades": 3,
  "win_rate": 0.33333333333333326,
  "worst_pair": "ADA/USDT",
  "worst_trade_profit_pct": 0.0
}