{
  "best_pair": "XRP/USDT",
  "best_trade_profit_pct": 0.0,
  "final_balance": 177.13203576,
  "max_drawdown_pct": 10.938993467192603,
  "profit_factor": 1.6345178801311286,
  "sharpe_ratio": 0.5031454104853338,
  "total_profit_abs": 27.13203576,
  "total_profit_pct": 18.08802384,
  "total_trades": 41,
  "win_rate": 0.7073170731707318,
  "worst_pair": "HOME/USDT",
  "worst_trade_profit_pct": 0.0
}