{
  "best_pair": "XRP/USDT",
  "best_trade_profit_pct": 0.0,
  "final_balance": 14.523066330000205,
  "max_drawdown_pct": 90.3785225926116,
  "profit_factor": 0.6203366913526505,
  "sharpe_ratio": -23.030329820967705,
  "total_profit_abs": -135.47693367,
  "total_profit_pct": -90.31795577999999,
  "total_trades": 3503,
  "win_rate": 0.30373965172709105,
  "worst_pair": "HOME/USDT",
  "worst_trade_profit_pct": 0.0
}