{
  "best_pair": "XRP/USDT",
  "best_trade_profit_pct": 0.0,
  "final_balance": 258.50959358,
  "max_drawdown_pct": 12.538369525569113,
  "profit_factor": 2.981912351007486,
  "sharpe_ratio": 0.9017569190643191,
  "total_profit_abs": 108.50959358000001,
  "total_profit_pct": 72.33972905333334,
  "total_trades": 35,
  "win_rate": 0.6,
  "worst_pair": "HOME/USDT",
  "worst_trade_profit_pct": 0.0
}