{
  "export_time": "2026-04-25T17:15:49.496428+00:00",
  "ft_stratparam_v": 1,
  "params": {
    "buy": {
      "buy_ma_count": 8,
      "buy_ma_gap": 22
    },
    "max_open_trades": {
      "max_open_trades": 2
    },
    "roi": {
      "0": 0.5672821347349447,
      "13": 0.9977760102270967,
      "146": 0.9850402895233356,
      "38": 0.9634016030688619
    },
    "sell": {
      "sell_ma_count": 7,
      "sell_ma_gap": 31
    },
    "stoploss": {
      "stoploss": -0.40105232780773226
    },
    "trailing": {
      "trailing_only_offset_is_reached": false,
      "trailing_stop": true,
      "trailing_stop_positive": 0.18338942545218062,
      "trailing_stop_positive_offset": 0.9051451074879063
    }
  },
  "strategy_name": "MultiMeee"
}