{
  "best_pair": "XRP/USDT",
  "best_trade_profit_pct": 0.0,
  "final_balance": 105.96906623,
  "max_drawdown_pct": 31.360845010030797,
  "profit_factor": 0.700738813073371,
  "sharpe_ratio": -4.263717171441076,
  "total_profit_abs": -44.03093376999999,
  "total_profit_pct": -29.35395584666666,
  "total_trades": 743,
  "win_rate": 0.3122476446837147,
  "worst_pair": "HOME/USDT",
  "worst_trade_profit_pct": 0.0
}