{
  "best_pair": "XRP/USDT",
  "best_trade_profit_pct": 0.0,
  "final_balance": 172.9882666,
  "max_drawdown_pct": 11.157202829607925,
  "profit_factor": 1.5325434635636535,
  "sharpe_ratio": 0.7177508655752401,
  "total_profit_abs": 22.9882666,
  "total_profit_pct": 15.325511066666667,
  "total_trades": 92,
  "win_rate": 0.8913043478260869,
  "worst_pair": "HOME/USDT",
  "worst_trade_profit_pct": 0.0
}