{
  "export_time": "2026-04-25T19:41:14.579583+00:00",
  "ft_stratparam_v": 1,
  "params": {
    "buy": {
      "buy_ma_count": 6,
      "buy_ma_gap": 3
    },
    "max_open_trades": {
      "max_open_trades": 2
    },
    "roi": {
      "0": 1.3793400271755591,
      "13": 0.6718007234929175,
      "146": 0.2623207824587261,
      "38": 0.2644616784370541
    },
    "sell": {
      "sell_ma_count": 14,
      "sell_ma_gap": 33
    },
    "stoploss": {
      "stoploss": -0.8050624339099269
    },
    "trailing": {
      "trailing_only_offset_is_reached": true,
      "trailing_stop": false,
      "trailing_stop_positive": 0.4978465637836937,
      "trailing_stop_positive_offset": 0.1999525054111228
    }
  },
  "strategy_name": "yes"
}