{
  "best_pair": "XRP/USDT",
  "best_trade_profit_pct": 0.0,
  "final_balance": 16.369498700000435,
  "max_drawdown_pct": 89.18375039357502,
  "profit_factor": 0.6067221845845774,
  "sharpe_ratio": -26.852073108295556,
  "total_profit_abs": -133.63050130000002,
  "total_profit_pct": -89.08700086666667,
  "total_trades": 3364,
  "win_rate": 0.30261593341260407,
  "worst_pair": "HOME/USDT",
  "worst_trade_profit_pct": 0.0
}