{
  "buy_params": {
    "buy_ma_count": 1,
    "buy_ma_gap": 2
  },
  "minimal_roi": {
    "0": 1.3489345208191674,
    "13": 0.7635388940065665,
    "146": 0.0863574893950768,
    "38": 0.9630717483375757
  },
  "sell_params": {
    "sell_ma_count": 20,
    "sell_ma_gap": 45
  },
  "stoploss": -0.7874374473994092,
  "trailing_only_offset_is_reached": true,
  "trailing_stop": true,
  "trailing_stop_positive": 0.10011611843414278,
  "trailing_stop_positive_offset": 0.4205189303432367
}