{
  "best_pair": "XRP/USDT",
  "best_trade_profit_pct": 0.0,
  "final_balance": 150.4321416,
  "max_drawdown_pct": 1.7620968400000074,
  "profit_factor": 1.1634952140314831,
  "sharpe_ratio": 0.01901333439641313,
  "total_profit_abs": 0.4321415999999999,
  "total_profit_pct": 0.2880943999999999,
  "total_trades": 5,
  "win_rate": 0.6,
  "worst_pair": "HOME/USDT",
  "worst_trade_profit_pct": 0.0
}