{
  "buy_params": {
    "buy_ma_count": 11,
    "buy_ma_gap": 43
  },
  "minimal_roi": {
    "0": 1.5145624606672685,
    "13": 1.1912063051498447,
    "146": 0.8123489567155271,
    "38": 0.09996119980761131
  },
  "sell_params": {
    "sell_ma_count": 7,
    "sell_ma_gap": 26
  },
  "stoploss": -0.7050398596809733,
  "trailing_only_offset_is_reached": true,
  "trailing_stop": true,
  "trailing_stop_positive": 0.07268324501880628,
  "trailing_stop_positive_offset": 0.21249652922095866
}