{
  "best_pair": "XRP/USDT",
  "best_trade_profit_pct": 0.0,
  "final_balance": 222.12403779,
  "max_drawdown_pct": 7.429822507548403,
  "profit_factor": 3.3617205009702453,
  "sharpe_ratio": 0.6364120494054227,
  "total_profit_abs": 72.12403778999999,
  "total_profit_pct": 48.08269185999999,
  "total_trades": 24,
  "win_rate": 0.5833333333333334,
  "worst_pair": "HOME/USDT",
  "worst_trade_profit_pct": 0.0
}