{
  "best_pair": "XRP/USDT",
  "best_trade_profit_pct": 0.0,
  "final_balance": 71.83111520000004,
  "max_drawdown_pct": 52.71462501333334,
  "profit_factor": 0.6985718170510731,
  "sharpe_ratio": -8.291813978424413,
  "total_profit_abs": -78.1688848,
  "total_profit_pct": -52.11258986666667,
  "total_trades": 1386,
  "win_rate": 0.2958152958152958,
  "worst_pair": "HOME/USDT",
  "worst_trade_profit_pct": 0.0
}