{
  "buy_params": {
    "buy_ma_count": 4,
    "buy_ma_gap": 41
  },
  "minimal_roi": {
    "0": 1.1151284129115502,
    "13": 0.2227544474041856,
    "146": 0.1307850480282782,
    "38": 0.5519582459657962
  },
  "sell_params": {
    "sell_ma_count": 7,
    "sell_ma_gap": 43
  },
  "stoploss": -0.9106681775980167,
  "trailing_only_offset_is_reached": true,
  "trailing_stop": false,
  "trailing_stop_positive": 0.21226174463914083,
  "trailing_stop_positive_offset": 0.13955801676254947
}