{
  "export_time": "2026-04-25T19:27:27.859381+00:00",
  "ft_stratparam_v": 1,
  "params": {
    "buy": {
      "buy_ma_count": 9,
      "buy_ma_gap": 26
    },
    "max_open_trades": {
      "max_open_trades": 2
    },
    "roi": {
      "0": 1.1611318283647947,
      "13": 0.32979300385687205,
      "146": 0.08757725478737215,
      "38": 0.9990374780468909
    },
    "sell": {
      "sell_ma_count": 7,
      "sell_ma_gap": 44
    },
    "stoploss": {
      "stoploss": -0.8805870056175964
    },
    "trailing": {
      "trailing_only_offset_is_reached": true,
      "trailing_stop": false,
      "trailing_stop_positive": 0.060165312386867134,
      "trailing_stop_positive_offset": 0.0620869951799026
    }
  },
  "strategy_name": "yes"
}