{
  "buy_params": {
    "buy_ma_count": 2,
    "buy_ma_gap": 19
  },
  "minimal_roi": {
    "0": 1.0680011867696537,
    "13": 0.11766891065854976,
    "146": 0.0005874620290722277,
    "38": 0.5399546815030253
  },
  "sell_params": {
    "sell_ma_count": 18,
    "sell_ma_gap": 38
  },
  "stoploss": -0.9033629345428785,
  "trailing_only_offset_is_reached": true,
  "trailing_stop": true,
  "trailing_stop_positive": 0.15402788777413662,
  "trailing_stop_positive_offset": 0.024974223302076246
}