{
  "best_pair": "XRP/USDT",
  "best_trade_profit_pct": 0.0,
  "final_balance": 81.62194008000006,
  "max_drawdown_pct": 45.82055786217848,
  "profit_factor": 0.5231505146443981,
  "sharpe_ratio": -6.789674664195175,
  "total_profit_abs": -68.37805992,
  "total_profit_pct": -45.58537328,
  "total_trades": 739,
  "win_rate": 0.564276048714479,
  "worst_pair": "HOME/USDT",
  "worst_trade_profit_pct": 0.0
}