{
  "buy_params": {
    "buy_ma_count": 5,
    "buy_ma_gap": 33
  },
  "minimal_roi": {
    "0": 1.2732185349466019,
    "13": 0.8798545529396902,
    "146": 0.38443013413664884,
    "38": 0.002053435206614551
  },
  "sell_params": {
    "sell_ma_count": 18,
    "sell_ma_gap": 50
  },
  "stoploss": -0.9188459048987009,
  "trailing_only_offset_is_reached": true,
  "trailing_stop": false,
  "trailing_stop_positive": 0.2578027979162625,
  "trailing_stop_positive_offset": 0.008809587340929957
}