{
  "best_pair": "ETH/USDT",
  "best_trade_profit_pct": 0.0,
  "final_balance": 167.30602306,
  "max_drawdown_pct": 1.2416115734027338,
  "profit_factor": 5.66330765788792,
  "sharpe_ratio": 0.22319568495873726,
  "total_profit_abs": 17.30602306,
  "total_profit_pct": 11.537348706666666,
  "total_trades": 9,
  "win_rate": 0.6666666666666665,
  "worst_pair": "ADA/USDT",
  "worst_trade_profit_pct": 0.0
}