{
  "best_pair": "ETH/USDT",
  "best_trade_profit_pct": 0.0,
  "final_balance": 147.51628065,
  "max_drawdown_pct": 3.082733626666671,
  "profit_factor": 0.6318043910757836,
  "sharpe_ratio": -0.06251476829209507,
  "total_profit_abs": -2.4837193500000008,
  "total_profit_pct": -1.6558129000000004,
  "total_trades": 7,
  "win_rate": 0.42857142857142855,
  "worst_pair": "ADA/USDT",
  "worst_trade_profit_pct": 0.0
}