{
  "buy_params": {
    "buy_ma_count": 14,
    "buy_ma_gap": 4
  },
  "minimal_roi": {
    "0": 0.8700534557083798,
    "13": 0.8720972167519281,
    "146": 0.16797001728287192,
    "38": 0.7814749006692241
  },
  "sell_params": {
    "sell_ma_count": 20,
    "sell_ma_gap": 5
  },
  "stoploss": -0.7900421481334379,
  "trailing_only_offset_is_reached": true,
  "trailing_stop": true,
  "trailing_stop_positive": 0.41783669260391126,
  "trailing_stop_positive_offset": 0.28728947795715143
}