{
  "best_pair": "XRP/USDT",
  "best_trade_profit_pct": 0.0,
  "final_balance": 133.64358851,
  "max_drawdown_pct": 15.522221279793053,
  "profit_factor": 0.8427345787255766,
  "sharpe_ratio": -0.9974858123823784,
  "total_profit_abs": -16.356411489999996,
  "total_profit_pct": -10.904274326666664,
  "total_trades": 332,
  "win_rate": 0.33433734939759036,
  "worst_pair": "HOME/USDT",
  "worst_trade_profit_pct": 0.0
}