{
  "buy_params": {
    "buy_ma_count": 3,
    "buy_ma_gap": 14
  },
  "minimal_roi": {
    "0": 0.478714565131552,
    "13": 0.3776973769917501,
    "146": 0.3559863439388423,
    "38": 0.6176136867400972
  },
  "sell_params": {
    "sell_ma_count": 19,
    "sell_ma_gap": 49
  },
  "stoploss": -0.868640853789463,
  "trailing_only_offset_is_reached": false,
  "trailing_stop": false,
  "trailing_stop_positive": 0.18465493106254927,
  "trailing_stop_positive_offset": 0.5468908546160214
}