{
  "best_pair": "XRP/USDT",
  "best_trade_profit_pct": 0.0,
  "final_balance": 232.64774496,
  "max_drawdown_pct": 12.400092932701746,
  "profit_factor": 2.272206324006792,
  "sharpe_ratio": 1.5685580140710635,
  "total_profit_abs": 82.64774495999998,
  "total_profit_pct": 55.098496639999986,
  "total_trades": 81,
  "win_rate": 0.7654320987654321,
  "worst_pair": "HOME/USDT",
  "worst_trade_profit_pct": 0.0
}