{
  "export_time": "2026-04-25T19:47:22.426478+00:00",
  "ft_stratparam_v": 1,
  "params": {
    "buy": {
      "buy_ma_count": 4,
      "buy_ma_gap": 4
    },
    "max_open_trades": {
      "max_open_trades": 2
    },
    "roi": {
      "0": 1.2495145082791883,
      "13": 0.7665613052734458,
      "146": 0.07781875120287514,
      "38": 0.14799596843643945
    },
    "sell": {
      "sell_ma_count": 12,
      "sell_ma_gap": 48
    },
    "stoploss": {
      "stoploss": -0.9463971298308471
    },
    "trailing": {
      "trailing_only_offset_is_reached": true,
      "trailing_stop": false,
      "trailing_stop_positive": 0.4735188938910497,
      "trailing_stop_positive_offset": 0.3191533904108207
    }
  },
  "strategy_name": "yes"
}