{
  "best_pair": "XRP/USDT",
  "best_trade_profit_pct": 0.0,
  "final_balance": 68.35647733000013,
  "max_drawdown_pct": 56.08191215091757,
  "profit_factor": 0.6174143481927896,
  "sharpe_ratio": -10.384959401202417,
  "total_profit_abs": -81.64352267000001,
  "total_profit_pct": -54.42901511333334,
  "total_trades": 1426,
  "win_rate": 0.2643758765778401,
  "worst_pair": "HOME/USDT",
  "worst_trade_profit_pct": 0.0
}