{
  "export_time": "2026-04-25T19:06:35.703973+00:00",
  "ft_stratparam_v": 1,
  "params": {
    "buy": {
      "buy_ma_count": 12,
      "buy_ma_gap": 11
    },
    "max_open_trades": {
      "max_open_trades": 2
    },
    "roi": {
      "0": 0.13470518360741618,
      "13": 1.3860057147455778,
      "146": 0.059389715190483756,
      "38": 0.3006394918005969
    },
    "sell": {
      "sell_ma_count": 9,
      "sell_ma_gap": 4
    },
    "stoploss": {
      "stoploss": -0.3887782441874288
    },
    "trailing": {
      "trailing_only_offset_is_reached": false,
      "trailing_stop": false,
      "trailing_stop_positive": 0.3032139923483942,
      "trailing_stop_positive_offset": 0.5355391339744847
    }
  },
  "strategy_name": "yes"
}