{
  "best_pair": "XRP/USDT",
  "best_trade_profit_pct": 0.0,
  "final_balance": 121.56529065,
  "max_drawdown_pct": 23.82300775414316,
  "profit_factor": 0.8165300517648953,
  "sharpe_ratio": -1.73698071841298,
  "total_profit_abs": -28.43470935,
  "total_profit_pct": -18.956472899999998,
  "total_trades": 515,
  "win_rate": 0.32815533980582523,
  "worst_pair": "HOME/USDT",
  "worst_trade_profit_pct": 0.0
}