{
  "export_time": "2026-04-25T19:39:53.436367+00:00",
  "ft_stratparam_v": 1,
  "params": {
    "buy": {
      "buy_ma_count": 16,
      "buy_ma_gap": 5
    },
    "max_open_trades": {
      "max_open_trades": 2
    },
    "roi": {
      "0": 0.4309163522039543,
      "13": 1.3225365085492489,
      "146": 0.489239485602435,
      "38": 0.38045520760415774
    },
    "sell": {
      "sell_ma_count": 18,
      "sell_ma_gap": 36
    },
    "stoploss": {
      "stoploss": -0.49106792270534116
    },
    "trailing": {
      "trailing_only_offset_is_reached": true,
      "trailing_stop": false,
      "trailing_stop_positive": 0.39896761446699286,
      "trailing_stop_positive_offset": 0.33949239912295637
    }
  },
  "strategy_name": "yes"
}