{
  "export_time": "2026-04-25T19:05:05.345253+00:00",
  "ft_stratparam_v": 1,
  "params": {
    "buy": {
      "buy_ma_count": 1,
      "buy_ma_gap": 16
    },
    "max_open_trades": {
      "max_open_trades": 2
    },
    "roi": {
      "0": 0.34035599677510114,
      "13": 1.4477054344200155,
      "146": 0.9874234110542539,
      "38": 0.16292263084385436
    },
    "sell": {
      "sell_ma_count": 4,
      "sell_ma_gap": 49
    },
    "stoploss": {
      "stoploss": -0.47707417790169054
    },
    "trailing": {
      "trailing_only_offset_is_reached": false,
      "trailing_stop": false,
      "trailing_stop_positive": 0.3552093306941281,
      "trailing_stop_positive_offset": 0.05576426982336011
    }
  },
  "strategy_name": "yes"
}