{
  "best_pair": "ETH/USDT",
  "best_trade_profit_pct": 0.0,
  "final_balance": 62.93212217,
  "max_drawdown_pct": 66.66277308833281,
  "profit_factor": 0.3204302927751144,
  "sharpe_ratio": -0.2542156516026553,
  "total_profit_abs": -87.06787783,
  "total_profit_pct": -58.04525188666667,
  "total_trades": 13,
  "win_rate": 0.6153846153846154,
  "worst_pair": "HOME/USDT",
  "worst_trade_profit_pct": 0.0
}