{
  "best_pair": "XRP/USDT",
  "best_trade_profit_pct": 0.0,
  "final_balance": 12.743138100000436,
  "max_drawdown_pct": 91.60161990765602,
  "profit_factor": 0.3599649545503521,
  "sharpe_ratio": -57.73497969340555,
  "total_profit_abs": -137.2568619,
  "total_profit_pct": -91.50457459999998,
  "total_trades": 4051,
  "win_rate": 0.20217230313502838,
  "worst_pair": "HOME/USDT",
  "worst_trade_profit_pct": 0.0
}