{
  "export_time": "2026-04-25T19:36:39.836323+00:00",
  "ft_stratparam_v": 1,
  "params": {
    "buy": {
      "buy_ma_count": 17,
      "buy_ma_gap": 30
    },
    "max_open_trades": {
      "max_open_trades": 2
    },
    "roi": {
      "0": 0.889400119241682,
      "13": 0.727534027110493,
      "146": 0.3155488243491155,
      "38": 0.886844838778057
    },
    "sell": {
      "sell_ma_count": 19,
      "sell_ma_gap": 42
    },
    "stoploss": {
      "stoploss": -0.9013164717624226
    },
    "trailing": {
      "trailing_only_offset_is_reached": false,
      "trailing_stop": true,
      "trailing_stop_positive": 0.3158238890627002,
      "trailing_stop_positive_offset": 0.09889992364231522
    }
  },
  "strategy_name": "yes"
}