{
  "best_pair": "XRP/USDT",
  "best_trade_profit_pct": 0.0,
  "final_balance": 34.63745558000002,
  "max_drawdown_pct": 77.00789847333333,
  "profit_factor": 0.7269753905466487,
  "sharpe_ratio": -13.798052129473456,
  "total_profit_abs": -115.36254442,
  "total_profit_pct": -76.90836294666667,
  "total_trades": 2519,
  "win_rate": 0.30964668519253674,
  "worst_pair": "HOME/USDT",
  "worst_trade_profit_pct": 0.0
}