{
  "export_time": "2026-04-25T19:05:13.144144+00:00",
  "ft_stratparam_v": 1,
  "params": {
    "buy": {
      "buy_ma_count": 1,
      "buy_ma_gap": 5
    },
    "max_open_trades": {
      "max_open_trades": 2
    },
    "roi": {
      "0": 0.008594533220785766,
      "13": 1.054319893983579,
      "146": 0.03670159581184712,
      "38": 0.127738340539095
    },
    "sell": {
      "sell_ma_count": 13,
      "sell_ma_gap": 10
    },
    "stoploss": {
      "stoploss": -0.3122177690902243
    },
    "trailing": {
      "trailing_only_offset_is_reached": false,
      "trailing_stop": false,
      "trailing_stop_positive": 0.4423641146776477,
      "trailing_stop_positive_offset": 0.07998164029772487
    }
  },
  "strategy_name": "yes"
}