{
  "best_pair": "XRP/USDT",
  "best_trade_profit_pct": 0.0,
  "final_balance": 169.14630343000002,
  "max_drawdown_pct": 21.224564356994456,
  "profit_factor": 1.275412854487026,
  "sharpe_ratio": 0.21984724800694916,
  "total_profit_abs": 19.14630343,
  "total_profit_pct": 12.764202286666668,
  "total_trades": 38,
  "win_rate": 0.5,
  "worst_pair": "HOME/USDT",
  "worst_trade_profit_pct": 0.0
}