{
  "best_pair": "XRP/USDT",
  "best_trade_profit_pct": 0.0,
  "final_balance": 220.99684843999995,
  "max_drawdown_pct": 12.304678198338761,
  "profit_factor": 2.2617619145314984,
  "sharpe_ratio": 0.6879406756228628,
  "total_profit_abs": 70.99684844,
  "total_profit_pct": 47.33123229333333,
  "total_trades": 36,
  "win_rate": 0.6111111111111112,
  "worst_pair": "HOME/USDT",
  "worst_trade_profit_pct": 0.0
}