{
  "best_pair": "XRP/USDT",
  "best_trade_profit_pct": 0.0,
  "final_balance": 147.98061959,
  "max_drawdown_pct": 2.3779255266666723,
  "profit_factor": 0.43385375548164423,
  "sharpe_ratio": -0.0787713955253537,
  "total_profit_abs": -2.0193804099999997,
  "total_profit_pct": -1.3462536066666664,
  "total_trades": 4,
  "win_rate": 0.25,
  "worst_pair": "HOME/USDT",
  "worst_trade_profit_pct": 0.0
}