{
  "export_time": "2026-04-25T19:46:07.281385+00:00",
  "ft_stratparam_v": 1,
  "params": {
    "buy": {
      "buy_ma_count": 2,
      "buy_ma_gap": 8
    },
    "max_open_trades": {
      "max_open_trades": 2
    },
    "roi": {
      "0": 1.4398626013054916,
      "13": 0.5414416270980626,
      "146": 0.019543897908422897,
      "38": 0.14314205266562247
    },
    "sell": {
      "sell_ma_count": 14,
      "sell_ma_gap": 48
    },
    "stoploss": {
      "stoploss": -0.777266044091548
    },
    "trailing": {
      "trailing_only_offset_is_reached": true,
      "trailing_stop": false,
      "trailing_stop_positive": 0.42006325681847717,
      "trailing_stop_positive_offset": 0.2780211875071972
    }
  },
  "strategy_name": "yes"
}