{
  "best_pair": "XRP/USDT",
  "best_trade_profit_pct": 0.0,
  "final_balance": 207.69061286000002,
  "max_drawdown_pct": 9.856018076003057,
  "profit_factor": 2.276044701109116,
  "sharpe_ratio": 1.264927597924184,
  "total_profit_abs": 57.690612859999995,
  "total_profit_pct": 38.46040857333333,
  "total_trades": 70,
  "win_rate": 0.842857142857143,
  "worst_pair": "HOME/USDT",
  "worst_trade_profit_pct": 0.0
}