{
  "export_time": "2026-04-25T19:35:44.431040+00:00",
  "ft_stratparam_v": 1,
  "params": {
    "buy": {
      "buy_ma_count": 1,
      "buy_ma_gap": 17
    },
    "max_open_trades": {
      "max_open_trades": 2
    },
    "roi": {
      "0": 1.4957893701058667,
      "13": 0.1981413178304129,
      "146": 0.14287297532105084,
      "38": 0.7287444487933886
    },
    "sell": {
      "sell_ma_count": 19,
      "sell_ma_gap": 34
    },
    "stoploss": {
      "stoploss": -0.7911376208128561
    },
    "trailing": {
      "trailing_only_offset_is_reached": true,
      "trailing_stop": false,
      "trailing_stop_positive": 0.2540182401087212,
      "trailing_stop_positive_offset": 0.047194631105137434
    }
  },
  "strategy_name": "yes"
}