{
  "best_pair": "XRP/USDT",
  "best_trade_profit_pct": 0.0,
  "final_balance": 182.52812875,
  "max_drawdown_pct": 10.769757618991871,
  "profit_factor": 1.678748023235586,
  "sharpe_ratio": 0.2502310087717271,
  "total_profit_abs": 32.52812874999999,
  "total_profit_pct": 21.685419166666662,
  "total_trades": 28,
  "win_rate": 0.35714285714285715,
  "worst_pair": "HOME/USDT",
  "worst_trade_profit_pct": 0.0
}