{
  "buy_params": {
    "buy_ma_count": 1,
    "buy_ma_gap": 22
  },
  "minimal_roi": {
    "0": 1.5069292811897097,
    "13": 0.18378932989496344,
    "146": 0.29885631040172594,
    "38": 0.5187907205836068
  },
  "sell_params": {
    "sell_ma_count": 19,
    "sell_ma_gap": 27
  },
  "stoploss": -0.5653255654244248,
  "trailing_only_offset_is_reached": true,
  "trailing_stop": false,
  "trailing_stop_positive": 0.4514809948383637,
  "trailing_stop_positive_offset": 0.4838915342072669
}