{
  "best_pair": "ADA/USDT",
  "best_trade_profit_pct": 0.0,
  "final_balance": 59.46036738000002,
  "max_drawdown_pct": 26.17708701615718,
  "profit_factor": 0.7601042758235218,
  "sharpe_ratio": -3.0455300074397558,
  "total_profit_abs": -20.53963262,
  "total_profit_pct": -25.674540774999997,
  "total_trades": 571,
  "win_rate": 0.3432574430823117,
  "worst_pair": "ETH/USDT",
  "worst_trade_profit_pct": 0.0
}