{
  "best_pair": "ADA/USDT",
  "best_trade_profit_pct": 0.0,
  "final_balance": 51.46546095999997,
  "max_drawdown_pct": 35.668173800000034,
  "profit_factor": 0.7192993283852746,
  "sharpe_ratio": -4.400757518556583,
  "total_profit_abs": -28.53453904,
  "total_profit_pct": -35.6681738,
  "total_trades": 686,
  "win_rate": 0.36880466472303214,
  "worst_pair": "ETH/USDT",
  "worst_trade_profit_pct": 0.0
}