{
  "best_pair": "XRP/USDT",
  "best_trade_profit_pct": 0.0,
  "final_balance": 230.93095668,
  "max_drawdown_pct": 10.778820537722929,
  "profit_factor": 3.0126190268387614,
  "sharpe_ratio": 1.2669156965992736,
  "total_profit_abs": 80.93095668,
  "total_profit_pct": 53.95397112,
  "total_trades": 46,
  "win_rate": 0.826086956521739,
  "worst_pair": "HOME/USDT",
  "worst_trade_profit_pct": 0.0
}