{
  "export_time": "2026-04-25T17:16:30.357459+00:00",
  "ft_stratparam_v": 1,
  "params": {
    "buy": {
      "buy_ma_count": 10,
      "buy_ma_gap": 8
    },
    "max_open_trades": {
      "max_open_trades": 2
    },
    "roi": {
      "0": 0.8757590623756825,
      "13": 0.74634713263886,
      "146": 0.0018897681888834644,
      "38": 0.1433582867456059
    },
    "sell": {
      "sell_ma_count": 14,
      "sell_ma_gap": 37
    },
    "stoploss": {
      "stoploss": -0.23780066817412146
    },
    "trailing": {
      "trailing_only_offset_is_reached": true,
      "trailing_stop": true,
      "trailing_stop_positive": 0.425062501771941,
      "trailing_stop_positive_offset": 0.3578451713504578
    }
  },
  "strategy_name": "MultiMeee"
}