{
  "best_pair": "ADA/USDT",
  "best_trade_profit_pct": 0.0,
  "final_balance": 73.45812794,
  "max_drawdown_pct": 11.36944797910094,
  "profit_factor": 0.8866315358467901,
  "sharpe_ratio": -0.7312860686834202,
  "total_profit_abs": -6.541872059999999,
  "total_profit_pct": -8.177340074999998,
  "total_trades": 319,
  "win_rate": 0.41379310344827586,
  "worst_pair": "ETH/USDT",
  "worst_trade_profit_pct": 0.0
}