{
  "best_pair": "XRP/USDT",
  "best_trade_profit_pct": 0.0,
  "final_balance": 254.98852974,
  "max_drawdown_pct": 8.540989812216248,
  "profit_factor": 3.200419541901626,
  "sharpe_ratio": 0.9964568794583034,
  "total_profit_abs": 104.98852974,
  "total_profit_pct": 69.99235316,
  "total_trades": 35,
  "win_rate": 0.7428571428571429,
  "worst_pair": "HOME/USDT",
  "worst_trade_profit_pct": 0.0
}