{
  "best_pair": "XRP/USDT",
  "best_trade_profit_pct": 0.0,
  "final_balance": 153.92214759,
  "max_drawdown_pct": 12.419362870316764,
  "profit_factor": 1.080757808049425,
  "sharpe_ratio": 0.13870104892086704,
  "total_profit_abs": 3.92214759,
  "total_profit_pct": 2.61476506,
  "total_trades": 166,
  "win_rate": 0.927710843373494,
  "worst_pair": "HOME/USDT",
  "worst_trade_profit_pct": 0.0
}