{
  "best_pair": "ADA/USDT",
  "best_trade_profit_pct": 0.0,
  "final_balance": 43.93177748000005,
  "max_drawdown_pct": 47.69651998749994,
  "profit_factor": 0.5363988346245545,
  "sharpe_ratio": -8.312687101404967,
  "total_profit_abs": -36.06822252,
  "total_profit_pct": -45.08527814999999,
  "total_trades": 686,
  "win_rate": 0.2857142857142857,
  "worst_pair": "ETH/USDT",
  "worst_trade_profit_pct": 0.0
}