{
  "best_pair": "XRP/USDT",
  "best_trade_profit_pct": 0.0,
  "final_balance": 99.62292061,
  "max_drawdown_pct": 34.17090871184973,
  "profit_factor": 0.6658759001369117,
  "sharpe_ratio": -4.828894556616994,
  "total_profit_abs": -50.377079390000006,
  "total_profit_pct": -33.58471959333334,
  "total_trades": 687,
  "win_rate": 0.29694323144104806,
  "worst_pair": "HOME/USDT",
  "worst_trade_profit_pct": 0.0
}