{
  "best_pair": "XRP/USDT",
  "best_trade_profit_pct": 0.0,
  "final_balance": 154.08259633,
  "max_drawdown_pct": 10.6690252624123,
  "profit_factor": 1.0886424977602212,
  "sharpe_ratio": 0.06708376894020908,
  "total_profit_abs": 4.082596330000002,
  "total_profit_pct": 2.721730886666668,
  "total_trades": 42,
  "win_rate": 0.35714285714285715,
  "worst_pair": "HOME/USDT",
  "worst_trade_profit_pct": 0.0
}