{
  "best_pair": "ETH/USDT",
  "best_trade_profit_pct": 0.0,
  "final_balance": 126.91147969,
  "max_drawdown_pct": 36.531527506726356,
  "profit_factor": 0.6839284490664466,
  "sharpe_ratio": -0.029808227769962146,
  "total_profit_abs": -23.088520310000003,
  "total_profit_pct": -15.392346873333334,
  "total_trades": 3,
  "win_rate": 0.33333333333333326,
  "worst_pair": "HOME/USDT",
  "worst_trade_profit_pct": 0.0
}