{
  "best_pair": "XRP/USDT",
  "best_trade_profit_pct": 0.0,
  "final_balance": 150.9682316,
  "max_drawdown_pct": 2.8607090799999924,
  "profit_factor": 1.2256390689448693,
  "sharpe_ratio": 0.025516172916575985,
  "total_profit_abs": 0.9682316,
  "total_profit_pct": 0.6454877333333333,
  "total_trades": 5,
  "win_rate": 0.6,
  "worst_pair": "HOME/USDT",
  "worst_trade_profit_pct": 0.0
}