{
  "buy_params": {
    "buy_ma_count": 12,
    "buy_ma_gap": 39
  },
  "minimal_roi": {
    "0": 2.171076850936549,
    "13": 0.200984703956337,
    "146": 0.7064430086532636,
    "38": 0.6114247445165827
  },
  "sell_params": {
    "sell_ma_count": 11,
    "sell_ma_gap": 48
  },
  "stoploss": -0.7321435249814763,
  "trailing_only_offset_is_reached": false,
  "trailing_stop": false,
  "trailing_stop_positive": 0.38554635075094973,
  "trailing_stop_positive_offset": 0.13807538265593106
}