{
  "best_pair": "XRP/USDT",
  "best_trade_profit_pct": 0.0,
  "final_balance": 98.56415349,
  "max_drawdown_pct": 61.806126734204426,
  "profit_factor": 0.7392360885551527,
  "sharpe_ratio": -0.13817933756802678,
  "total_profit_abs": -51.43584651000001,
  "total_profit_pct": -34.29056434000001,
  "total_trades": 21,
  "win_rate": 0.4761904761904761,
  "worst_pair": "HOME/USDT",
  "worst_trade_profit_pct": 0.0
}