{
  "best_pair": "XRP/USDT",
  "best_trade_profit_pct": 0.0,
  "final_balance": 211.47977213000001,
  "max_drawdown_pct": 13.001250800979317,
  "profit_factor": 2.3893541911122798,
  "sharpe_ratio": 0.9876580780257138,
  "total_profit_abs": 61.47977213,
  "total_profit_pct": 40.98651475333334,
  "total_trades": 47,
  "win_rate": 0.7446808510638298,
  "worst_pair": "HOME/USDT",
  "worst_trade_profit_pct": 0.0
}