{
  "buy_params": {
    "buy_ma_count": 3,
    "buy_ma_gap": 11
  },
  "minimal_roi": {
    "0": 1.081388346843809,
    "13": 0.8787307103555181,
    "146": 0.054712610637957904,
    "38": 0.010659346891253252
  },
  "sell_params": {
    "sell_ma_count": 12,
    "sell_ma_gap": 47
  },
  "stoploss": -0.98732500174254,
  "trailing_only_offset_is_reached": true,
  "trailing_stop": false,
  "trailing_stop_positive": 0.44193206074873087,
  "trailing_stop_positive_offset": 0.31708815218659897
}