{
  "export_time": "2026-04-25T19:39:46.867884+00:00",
  "ft_stratparam_v": 1,
  "params": {
    "buy": {
      "buy_ma_count": 19,
      "buy_ma_gap": 12
    },
    "max_open_trades": {
      "max_open_trades": 2
    },
    "roi": {
      "0": 0.389839551261457,
      "13": 1.5796435407191871,
      "146": 0.6140758219418505,
      "38": 0.6598103773621496
    },
    "sell": {
      "sell_ma_count": 20,
      "sell_ma_gap": 30
    },
    "stoploss": {
      "stoploss": -0.6595711581405787
    },
    "trailing": {
      "trailing_only_offset_is_reached": true,
      "trailing_stop": true,
      "trailing_stop_positive": 0.2970412276397772,
      "trailing_stop_positive_offset": 0.4586233262744961
    }
  },
  "strategy_name": "yes"
}