{
  "export_time": "2026-04-25T18:58:24.614993+00:00",
  "ft_stratparam_v": 1,
  "params": {
    "buy": {
      "buy_ma_count": 1,
      "buy_ma_gap": 6
    },
    "max_open_trades": {
      "max_open_trades": 2
    },
    "roi": {
      "0": 0.007483992575328527,
      "13": 1.1150354641745814,
      "146": 0.13571219734221487,
      "38": 0.12715526249254877
    },
    "sell": {
      "sell_ma_count": 13,
      "sell_ma_gap": 10
    },
    "stoploss": {
      "stoploss": -0.30243430573838676
    },
    "trailing": {
      "trailing_only_offset_is_reached": false,
      "trailing_stop": false,
      "trailing_stop_positive": 0.36927349158974915,
      "trailing_stop_positive_offset": 0.07270941338710106
    }
  },
  "strategy_name": "yes"
}