{
  "best_pair": "XRP/USDT",
  "best_trade_profit_pct": 0.0,
  "final_balance": 18.72479164999973,
  "max_drawdown_pct": 87.72418990094894,
  "profit_factor": 0.49596714190244306,
  "sharpe_ratio": -34.33612341350284,
  "total_profit_abs": -131.27520834999999,
  "total_profit_pct": -87.51680556666666,
  "total_trades": 3619,
  "win_rate": 0.2437137330754352,
  "worst_pair": "HOME/USDT",
  "worst_trade_profit_pct": 0.0
}