{
  "best_pair": "XRP/USDT",
  "best_trade_profit_pct": 0.0,
  "final_balance": 198.8083352,
  "max_drawdown_pct": 5.175727045565923,
  "profit_factor": 3.0584049569175145,
  "sharpe_ratio": 0.3977036704662612,
  "total_profit_abs": 48.808335199999995,
  "total_profit_pct": 32.53889013333333,
  "total_trades": 19,
  "win_rate": 0.5789473684210527,
  "worst_pair": "HOME/USDT",
  "worst_trade_profit_pct": 0.0
}