{
  "best_pair": "XRP/USDT",
  "best_trade_profit_pct": 0.0,
  "final_balance": 91.2276491699999,
  "max_drawdown_pct": 41.30669331394902,
  "profit_factor": 0.7348245031581361,
  "sharpe_ratio": -7.255751047926136,
  "total_profit_abs": -58.77235083000001,
  "total_profit_pct": -39.181567220000005,
  "total_trades": 1408,
  "win_rate": 0.28480113636363635,
  "worst_pair": "HOME/USDT",
  "worst_trade_profit_pct": 0.0
}