{
  "export_time": "2026-04-25T19:23:51.647456+00:00",
  "ft_stratparam_v": 1,
  "params": {
    "buy": {
      "buy_ma_count": 16,
      "buy_ma_gap": 17
    },
    "max_open_trades": {
      "max_open_trades": 2
    },
    "roi": {
      "0": 1.4209219582631594,
      "13": 0.5557146378421716,
      "146": 0.6773538843760648,
      "38": 0.89676543640157
    },
    "sell": {
      "sell_ma_count": 16,
      "sell_ma_gap": 41
    },
    "stoploss": {
      "stoploss": -0.8361879735167953
    },
    "trailing": {
      "trailing_only_offset_is_reached": true,
      "trailing_stop": false,
      "trailing_stop_positive": 0.0037310522386024185,
      "trailing_stop_positive_offset": 0.21550537784469143
    }
  },
  "strategy_name": "yes"
}