{
  "best_pair": "ADA/USDT",
  "best_trade_profit_pct": 0.0,
  "final_balance": 78.41672349,
  "max_drawdown_pct": 9.428733039243221,
  "profit_factor": 0.9609242100113977,
  "sharpe_ratio": -0.16267511914544835,
  "total_profit_abs": -1.5832765099999977,
  "total_profit_pct": -1.979095637499997,
  "total_trades": 220,
  "win_rate": 0.4409090909090909,
  "worst_pair": "ETH/USDT",
  "worst_trade_profit_pct": 0.0
}