{
  "export_time": "2026-04-25T18:59:11.679793+00:00",
  "ft_stratparam_v": 1,
  "params": {
    "buy": {
      "buy_ma_count": 2,
      "buy_ma_gap": 11
    },
    "max_open_trades": {
      "max_open_trades": 2
    },
    "roi": {
      "0": 0.4460410327895772,
      "13": 1.5104308577878263,
      "146": 0.08532723729472091,
      "38": 0.30906811543588864
    },
    "sell": {
      "sell_ma_count": 13,
      "sell_ma_gap": 19
    },
    "stoploss": {
      "stoploss": -0.3623884201903772
    },
    "trailing": {
      "trailing_only_offset_is_reached": false,
      "trailing_stop": false,
      "trailing_stop_positive": 0.26827911241976826,
      "trailing_stop_positive_offset": 0.11926422297819549
    }
  },
  "strategy_name": "yes"
}