{
  "best_pair": "XRP/USDT",
  "best_trade_profit_pct": 0.0,
  "final_balance": 223.80769361,
  "max_drawdown_pct": 10.369984667056533,
  "profit_factor": 2.2971436343978753,
  "sharpe_ratio": 1.0273614036002219,
  "total_profit_abs": 73.80769361,
  "total_profit_pct": 49.20512907333334,
  "total_trades": 49,
  "win_rate": 0.673469387755102,
  "worst_pair": "HOME/USDT",
  "worst_trade_profit_pct": 0.0
}