{
  "best_pair": "ADA/USDT",
  "best_trade_profit_pct": 0.0,
  "final_balance": 98.40849105999999,
  "max_drawdown_pct": 14.888039809554558,
  "profit_factor": 1.6428136997153555,
  "sharpe_ratio": 0.34137136730023154,
  "total_profit_abs": 18.408491059999996,
  "total_profit_pct": 23.010613824999997,
  "total_trades": 50,
  "win_rate": 0.54,
  "worst_pair": "ETH/USDT",
  "worst_trade_profit_pct": 0.0
}