{
  "best_pair": "XRP/USDT",
  "best_trade_profit_pct": 0.0,
  "final_balance": 126.56873352999999,
  "max_drawdown_pct": 20.334223163555553,
  "profit_factor": 0.8028498290876385,
  "sharpe_ratio": -1.6439845682656857,
  "total_profit_abs": -23.43126647,
  "total_profit_pct": -15.620844313333334,
  "total_trades": 426,
  "win_rate": 0.3145539906103286,
  "worst_pair": "HOME/USDT",
  "worst_trade_profit_pct": 0.0
}