{
  "export_time": "2026-04-25T18:49:39.834044+00:00",
  "ft_stratparam_v": 1,
  "params": {
    "buy": {
      "buy_ma_count": 15,
      "buy_ma_gap": 4
    },
    "max_open_trades": {
      "max_open_trades": 2
    },
    "roi": {
      "0": 0.7609791742757837,
      "13": 1.129083398861726,
      "146": 0.29257369264925903,
      "38": 0.5976240468041282
    },
    "sell": {
      "sell_ma_count": 20,
      "sell_ma_gap": 3
    },
    "stoploss": {
      "stoploss": -0.7947332591175558
    },
    "trailing": {
      "trailing_only_offset_is_reached": true,
      "trailing_stop": true,
      "trailing_stop_positive": 0.4325205288543666,
      "trailing_stop_positive_offset": 0.28511984186577805
    }
  },
  "strategy_name": "yes"
}