{
  "buy_params": {
    "buy_ma_count": 1,
    "buy_ma_gap": 36
  },
  "minimal_roi": {
    "0": 0.33707576341752843,
    "13": 0.06403494761574868,
    "146": 0.011430847240258576,
    "38": 0.7043247754437838
  },
  "sell_params": {
    "sell_ma_count": 20,
    "sell_ma_gap": 40
  },
  "stoploss": -0.8687832559716869,
  "trailing_only_offset_is_reached": true,
  "trailing_stop": false,
  "trailing_stop_positive": 0.155974452518711,
  "trailing_stop_positive_offset": 0.11488303076620485
}