{
  "best_pair": "XRP/USDT",
  "best_trade_profit_pct": 0.0,
  "final_balance": 12.727761550000054,
  "max_drawdown_pct": 91.5148256333333,
  "profit_factor": 0.36070125949898174,
  "sharpe_ratio": -58.889983713007744,
  "total_profit_abs": -137.27223845,
  "total_profit_pct": -91.51482563333334,
  "total_trades": 4051,
  "win_rate": 0.20562823994075535,
  "worst_pair": "HOME/USDT",
  "worst_trade_profit_pct": 0.0
}