{
  "best_pair": "XRP/USDT",
  "best_trade_profit_pct": 0.0,
  "final_balance": 227.59025482,
  "max_drawdown_pct": 8.331436760257056,
  "profit_factor": 2.936893441041447,
  "sharpe_ratio": 1.2785845356324836,
  "total_profit_abs": 77.59025482000001,
  "total_profit_pct": 51.726836546666675,
  "total_trades": 47,
  "win_rate": 0.7446808510638298,
  "worst_pair": "HOME/USDT",
  "worst_trade_profit_pct": 0.0
}