{
  "export_time": "2026-04-25T19:01:08.888808+00:00",
  "ft_stratparam_v": 1,
  "params": {
    "buy": {
      "buy_ma_count": 6,
      "buy_ma_gap": 1
    },
    "max_open_trades": {
      "max_open_trades": 2
    },
    "roi": {
      "0": 0.7405555531752368,
      "13": 1.837579420457676,
      "146": 0.1947370793416982,
      "38": 0.36343919804274183
    },
    "sell": {
      "sell_ma_count": 18,
      "sell_ma_gap": 17
    },
    "stoploss": {
      "stoploss": -0.7325845059302631
    },
    "trailing": {
      "trailing_only_offset_is_reached": true,
      "trailing_stop": false,
      "trailing_stop_positive": 0.3215950234058263,
      "trailing_stop_positive_offset": 0.39990645563055305
    }
  },
  "strategy_name": "yes"
}