{
  "best_pair": "XRP/USDT",
  "best_trade_profit_pct": 0.0,
  "final_balance": 12.713260019999922,
  "max_drawdown_pct": 91.57694110445587,
  "profit_factor": 0.31817663607207675,
  "sharpe_ratio": -72.65444311134097,
  "total_profit_abs": -137.28673998,
  "total_profit_pct": -91.52449332,
  "total_trades": 3661,
  "win_rate": 0.30019120458891013,
  "worst_pair": "HOME/USDT",
  "worst_trade_profit_pct": 0.0
}