{
  "export_time": "2026-04-25T17:15:28.906935+00:00",
  "ft_stratparam_v": 1,
  "params": {
    "buy": {
      "buy_ma_count": 1,
      "buy_ma_gap": 42
    },
    "max_open_trades": {
      "max_open_trades": 2
    },
    "roi": {
      "0": 0.5373217938393777,
      "13": 0.5540825503260765,
      "146": 0.7826954294845082,
      "38": 0.24135114682892134
    },
    "sell": {
      "sell_ma_count": 9,
      "sell_ma_gap": 42
    },
    "stoploss": {
      "stoploss": -0.15671764641125852
    },
    "trailing": {
      "trailing_only_offset_is_reached": true,
      "trailing_stop": true,
      "trailing_stop_positive": 0.9186443979490592,
      "trailing_stop_positive_offset": 0.6385964122044077
    }
  },
  "strategy_name": "MultiMeee"
}