{
  "best_pair": "XRP/USDT",
  "best_trade_profit_pct": 0.0,
  "final_balance": 231.7049837499999,
  "max_drawdown_pct": 12.744245019354548,
  "profit_factor": 1.9529769542301878,
  "sharpe_ratio": 1.2632298102062467,
  "total_profit_abs": 81.70498375,
  "total_profit_pct": 54.469989166666664,
  "total_trades": 80,
  "win_rate": 0.7875,
  "worst_pair": "HOME/USDT",
  "worst_trade_profit_pct": 0.0
}