{
  "export_time": "2026-04-25T19:29:02.733192+00:00",
  "ft_stratparam_v": 1,
  "params": {
    "buy": {
      "buy_ma_count": 14,
      "buy_ma_gap": 18
    },
    "max_open_trades": {
      "max_open_trades": 2
    },
    "roi": {
      "0": 1.4926499431902958,
      "13": 0.10701112030569372,
      "146": 0.8773916530436066,
      "38": 0.43606675659443045
    },
    "sell": {
      "sell_ma_count": 19,
      "sell_ma_gap": 27
    },
    "stoploss": {
      "stoploss": -0.9885187986813393
    },
    "trailing": {
      "trailing_only_offset_is_reached": true,
      "trailing_stop": true,
      "trailing_stop_positive": 0.02909222997831859,
      "trailing_stop_positive_offset": 0.04016392083595328
    }
  },
  "strategy_name": "yes"
}