{
  "best_pair": "XRP/USDT",
  "best_trade_profit_pct": 0.0,
  "final_balance": 177.86244663,
  "max_drawdown_pct": 11.348188125514607,
  "profit_factor": 1.4124875780043962,
  "sharpe_ratio": 0.5283551318491969,
  "total_profit_abs": 27.862446630000004,
  "total_profit_pct": 18.574964420000004,
  "total_trades": 68,
  "win_rate": 0.7058823529411765,
  "worst_pair": "HOME/USDT",
  "worst_trade_profit_pct": 0.0
}