{
  "best_pair": "XRP/USDT",
  "best_trade_profit_pct": 0.0,
  "final_balance": 132.45125509,
  "max_drawdown_pct": 25.85310061064269,
  "profit_factor": 0.7986103196947523,
  "sharpe_ratio": -0.1935980224412721,
  "total_profit_abs": -17.54874490999999,
  "total_profit_pct": -11.699163273333326,
  "total_trades": 50,
  "win_rate": 0.3,
  "worst_pair": "HOME/USDT",
  "worst_trade_profit_pct": 0.0
}