{
  "best_pair": "ADA/USDT",
  "best_trade_profit_pct": 0.0,
  "final_balance": 77.44422056,
  "max_drawdown_pct": 9.22727218857088,
  "profit_factor": 0.9488793041504674,
  "sharpe_ratio": -0.2872420281924683,
  "total_profit_abs": -2.555779440000001,
  "total_profit_pct": -3.1947243000000016,
  "total_trades": 283,
  "win_rate": 0.41696113074204955,
  "worst_pair": "ETH/USDT",
  "worst_trade_profit_pct": 0.0
}