{
  "best_pair": "XRP/USDT",
  "best_trade_profit_pct": 0.0,
  "final_balance": 116.71894863000001,
  "max_drawdown_pct": 22.76262921999999,
  "profit_factor": 0.6839606104447132,
  "sharpe_ratio": -2.4736176977068203,
  "total_profit_abs": -33.28105136999999,
  "total_profit_pct": -22.187367579999993,
  "total_trades": 372,
  "win_rate": 0.2849462365591398,
  "worst_pair": "HOME/USDT",
  "worst_trade_profit_pct": 0.0
}