{
  "best_pair": "XRP/USDT",
  "best_trade_profit_pct": 0.0,
  "final_balance": 132.43011534,
  "max_drawdown_pct": 12.63555339999999,
  "profit_factor": 0.5569482586356055,
  "sharpe_ratio": -0.3763814395412821,
  "total_profit_abs": -17.56988466,
  "total_profit_pct": -11.71325644,
  "total_trades": 28,
  "win_rate": 0.2857142857142857,
  "worst_pair": "HOME/USDT",
  "worst_trade_profit_pct": 0.0
}