{
  "best_pair": "ADA/USDT",
  "best_trade_profit_pct": 0.0,
  "final_balance": 84.93933274,
  "max_drawdown_pct": 20.385949208051365,
  "profit_factor": 1.1051693232478883,
  "sharpe_ratio": 0.09008776733402386,
  "total_profit_abs": 4.939332740000002,
  "total_profit_pct": 6.174165925000002,
  "total_trades": 41,
  "win_rate": 0.5121951219512195,
  "worst_pair": "ETH/USDT",
  "worst_trade_profit_pct": 0.0
}