{
  "best_pair": "ETH/USDT",
  "best_trade_profit_pct": 0.0,
  "final_balance": 152.04045007,
  "max_drawdown_pct": 5.89666617147547,
  "profit_factor": 1.217574394216425,
  "sharpe_ratio": 0.02749684274691392,
  "total_profit_abs": 2.0404500700000012,
  "total_profit_pct": 1.3603000466666675,
  "total_trades": 6,
  "win_rate": 0.5,
  "worst_pair": "HOME/USDT",
  "worst_trade_profit_pct": 0.0
}