{
  "export_time": "2026-04-25T19:41:43.967993+00:00",
  "ft_stratparam_v": 1,
  "params": {
    "buy": {
      "buy_ma_count": 2,
      "buy_ma_gap": 11
    },
    "max_open_trades": {
      "max_open_trades": 2
    },
    "roi": {
      "0": 1.1771320311923859,
      "13": 0.7843352710691628,
      "146": 0.06530142556008914,
      "38": 0.1723036949969753
    },
    "sell": {
      "sell_ma_count": 13,
      "sell_ma_gap": 48
    },
    "stoploss": {
      "stoploss": -0.9211236593486025
    },
    "trailing": {
      "trailing_only_offset_is_reached": true,
      "trailing_stop": false,
      "trailing_stop_positive": 0.476505548675375,
      "trailing_stop_positive_offset": 0.1512407467560542
    }
  },
  "strategy_name": "yes"
}