{
  "best_pair": "XRP/USDT",
  "best_trade_profit_pct": 0.0,
  "final_balance": 170.71280463,
  "max_drawdown_pct": 9.39090213434637,
  "profit_factor": 1.5501503838691717,
  "sharpe_ratio": 0.4622136373841197,
  "total_profit_abs": 20.712804629999997,
  "total_profit_pct": 13.808536419999998,
  "total_trades": 48,
  "win_rate": 0.75,
  "worst_pair": "HOME/USDT",
  "worst_trade_profit_pct": 0.0
}