{
  "best_pair": "XRP/USDT",
  "best_trade_profit_pct": 0.0,
  "final_balance": 122.36235916999999,
  "max_drawdown_pct": 18.931268200000005,
  "profit_factor": 0.731203501229699,
  "sharpe_ratio": -1.7333363066777057,
  "total_profit_abs": -27.63764083,
  "total_profit_pct": -18.425093886666666,
  "total_trades": 324,
  "win_rate": 0.3271604938271605,
  "worst_pair": "HOME/USDT",
  "worst_trade_profit_pct": 0.0
}