{
  "export_time": "2026-04-25T19:39:42.828107+00:00",
  "ft_stratparam_v": 1,
  "params": {
    "buy": {
      "buy_ma_count": 18,
      "buy_ma_gap": 6
    },
    "max_open_trades": {
      "max_open_trades": 2
    },
    "roi": {
      "0": 0.045194896808143925,
      "13": 1.3413856551071168,
      "146": 0.5672246187825227,
      "38": 0.41826222155117887
    },
    "sell": {
      "sell_ma_count": 19,
      "sell_ma_gap": 39
    },
    "stoploss": {
      "stoploss": -0.5253093934724806
    },
    "trailing": {
      "trailing_only_offset_is_reached": false,
      "trailing_stop": false,
      "trailing_stop_positive": 0.38592215274264524,
      "trailing_stop_positive_offset": 0.4094995733520945
    }
  },
  "strategy_name": "yes"
}