{
  "export_time": "2026-04-25T19:07:37.157776+00:00",
  "ft_stratparam_v": 1,
  "params": {
    "buy": {
      "buy_ma_count": 4,
      "buy_ma_gap": 10
    },
    "max_open_trades": {
      "max_open_trades": 2
    },
    "roi": {
      "0": 2.1185384614102327,
      "13": 1.1512341171253857,
      "146": 0.49964864058939895,
      "38": 0.08931638642916274
    },
    "sell": {
      "sell_ma_count": 15,
      "sell_ma_gap": 15
    },
    "stoploss": {
      "stoploss": -0.983582139621349
    },
    "trailing": {
      "trailing_only_offset_is_reached": false,
      "trailing_stop": false,
      "trailing_stop_positive": 0.4079273655779908,
      "trailing_stop_positive_offset": 0.0444710365278366
    }
  },
  "strategy_name": "yes"
}