{
  "export_time": "2026-04-25T19:42:09.967025+00:00",
  "ft_stratparam_v": 1,
  "params": {
    "buy": {
      "buy_ma_count": 3,
      "buy_ma_gap": 11
    },
    "max_open_trades": {
      "max_open_trades": 2
    },
    "roi": {
      "0": 1.0957584635773505,
      "13": 0.8346541354024305,
      "146": 0.05650146559102623,
      "38": 0.07128431352031746
    },
    "sell": {
      "sell_ma_count": 12,
      "sell_ma_gap": 48
    },
    "stoploss": {
      "stoploss": -0.9800585200805592
    },
    "trailing": {
      "trailing_only_offset_is_reached": true,
      "trailing_stop": false,
      "trailing_stop_positive": 0.4713338151619383,
      "trailing_stop_positive_offset": 0.31176452545701355
    }
  },
  "strategy_name": "yes"
}