{
  "best_pair": "XRP/USDT",
  "best_trade_profit_pct": 0.0,
  "final_balance": 119.25367767999998,
  "max_drawdown_pct": 23.59660910404497,
  "profit_factor": 0.7720206829818156,
  "sharpe_ratio": -1.7729202512245181,
  "total_profit_abs": -30.746322320000004,
  "total_profit_pct": -20.497548213333335,
  "total_trades": 462,
  "win_rate": 0.3116883116883117,
  "worst_pair": "HOME/USDT",
  "worst_trade_profit_pct": 0.0
}