{
  "buy_params": {
    "buy_ma_count": 20,
    "buy_ma_gap": 40
  },
  "minimal_roi": {
    "0": 1.411987503265823,
    "13": 1.852781595808136,
    "146": 0.5435732711848499,
    "38": 0.20166556159376317
  },
  "sell_params": {
    "sell_ma_count": 15,
    "sell_ma_gap": 50
  },
  "stoploss": -0.7017458636875878,
  "trailing_only_offset_is_reached": true,
  "trailing_stop": false,
  "trailing_stop_positive": 0.1954726678821099,
  "trailing_stop_positive_offset": 0.00801625351137911
}