{
  "best_pair": "XRP/USDT",
  "best_trade_profit_pct": 0.0,
  "final_balance": 172.69513798,
  "max_drawdown_pct": 3.0422356718542565,
  "profit_factor": 3.234236825056762,
  "sharpe_ratio": 0.284654911896761,
  "total_profit_abs": 22.695137980000002,
  "total_profit_pct": 15.130091986666669,
  "total_trades": 13,
  "win_rate": 0.5384615384615384,
  "worst_pair": "HOME/USDT",
  "worst_trade_profit_pct": 0.0
}