{
  "export_time": "2026-04-25T19:40:59.724556+00:00",
  "ft_stratparam_v": 1,
  "params": {
    "buy": {
      "buy_ma_count": 4,
      "buy_ma_gap": 13
    },
    "max_open_trades": {
      "max_open_trades": 2
    },
    "roi": {
      "0": 2.0707091479301365,
      "13": 0.1806684038808803,
      "146": 0.49443310161968906,
      "38": 0.5169423546579703
    },
    "sell": {
      "sell_ma_count": 12,
      "sell_ma_gap": 45
    },
    "stoploss": {
      "stoploss": -0.6211148700408061
    },
    "trailing": {
      "trailing_only_offset_is_reached": true,
      "trailing_stop": false,
      "trailing_stop_positive": 0.3036579441507429,
      "trailing_stop_positive_offset": 0.28467919965215577
    }
  },
  "strategy_name": "yes"
}