{
  "best_pair": "ADA/USDT",
  "best_trade_profit_pct": 0.0,
  "final_balance": 39.760493660000066,
  "max_drawdown_pct": 53.08382696211632,
  "profit_factor": 0.5474343925582086,
  "sharpe_ratio": -8.894468703695923,
  "total_profit_abs": -40.23950634,
  "total_profit_pct": -50.299382925,
  "total_trades": 782,
  "win_rate": 0.2864450127877238,
  "worst_pair": "ETH/USDT",
  "worst_trade_profit_pct": 0.0
}