{
  "best_pair": "XRP/USDT",
  "best_trade_profit_pct": 0.0,
  "final_balance": 110.39264968000006,
  "max_drawdown_pct": 27.01295886666663,
  "profit_factor": 0.7032127278394622,
  "sharpe_ratio": -3.0231090560365446,
  "total_profit_abs": -39.60735032,
  "total_profit_pct": -26.40490021333333,
  "total_trades": 486,
  "win_rate": 0.294238683127572,
  "worst_pair": "HOME/USDT",
  "worst_trade_profit_pct": 0.0
}