{
  "best_pair": "ADA/USDT",
  "best_trade_profit_pct": 0.0,
  "final_balance": 74.26871011,
  "max_drawdown_pct": 13.075324823820653,
  "profit_factor": 0.912802082958938,
  "sharpe_ratio": -0.6570996661346733,
  "total_profit_abs": -5.731289890000001,
  "total_profit_pct": -7.164112362500001,
  "total_trades": 363,
  "win_rate": 0.39669421487603307,
  "worst_pair": "ETH/USDT",
  "worst_trade_profit_pct": 0.0
}