{
  "best_pair": "XRP/USDT",
  "best_trade_profit_pct": 0.0,
  "final_balance": 45.34701599000019,
  "max_drawdown_pct": 70.70713633333321,
  "profit_factor": 0.7142303494272517,
  "sharpe_ratio": -11.172386724915954,
  "total_profit_abs": -104.65298401000001,
  "total_profit_pct": -69.76865600666667,
  "total_trades": 1987,
  "win_rate": 0.3140412682435833,
  "worst_pair": "HOME/USDT",
  "worst_trade_profit_pct": 0.0
}