{
  "buy_params": {
    "buy_ma_count": 4,
    "buy_ma_gap": 21
  },
  "minimal_roi": {
    "0": 1.9960563634309927,
    "13": 0.06622331222671635,
    "146": 0.232876947580957,
    "38": 0.6333808395616153
  },
  "sell_params": {
    "sell_ma_count": 4,
    "sell_ma_gap": 43
  },
  "stoploss": -0.8994951694765788,
  "trailing_only_offset_is_reached": true,
  "trailing_stop": false,
  "trailing_stop_positive": 0.07885390673500867,
  "trailing_stop_positive_offset": 0.06988374648108374
}