{
  "best_pair": "XRP/USDT",
  "best_trade_profit_pct": 0.0,
  "final_balance": 118.23019617999998,
  "max_drawdown_pct": 22.662868120000024,
  "profit_factor": 0.7550741644739317,
  "sharpe_ratio": -2.126018267225621,
  "total_profit_abs": -31.76980382,
  "total_profit_pct": -21.179869213333333,
  "total_trades": 459,
  "win_rate": 0.3093681917211329,
  "worst_pair": "HOME/USDT",
  "worst_trade_profit_pct": 0.0
}