{
  "best_pair": "ADA/USDT",
  "best_trade_profit_pct": 0.0,
  "final_balance": 73.73363269,
  "max_drawdown_pct": 12.716454551511141,
  "profit_factor": 0.8696576860341079,
  "sharpe_ratio": -0.6850642165976198,
  "total_profit_abs": -6.2663673100000015,
  "total_profit_pct": -7.832959137500002,
  "total_trades": 261,
  "win_rate": 0.41379310344827586,
  "worst_pair": "ETH/USDT",
  "worst_trade_profit_pct": 0.0
}