{
  "best_pair": "XRP/USDT",
  "best_trade_profit_pct": 0.0,
  "final_balance": 293.47942681000006,
  "max_drawdown_pct": 8.548532477375634,
  "profit_factor": 3.7610451641000493,
  "sharpe_ratio": 1.2837796612898689,
  "total_profit_abs": 143.47942681,
  "total_profit_pct": 95.65295120666667,
  "total_trades": 40,
  "win_rate": 0.75,
  "worst_pair": "HOME/USDT",
  "worst_trade_profit_pct": 0.0
}