{
  "best_pair": "XRP/USDT",
  "best_trade_profit_pct": 0.0,
  "final_balance": 66.69730245999992,
  "max_drawdown_pct": 55.53513169333338,
  "profit_factor": 0.6313257607569688,
  "sharpe_ratio": -13.67684543738329,
  "total_profit_abs": -83.30269754,
  "total_profit_pct": -55.53513169333333,
  "total_trades": 1754,
  "win_rate": 0.2844925883694413,
  "worst_pair": "HOME/USDT",
  "worst_trade_profit_pct": 0.0
}