{
  "best_pair": "XRP/USDT",
  "best_trade_profit_pct": 0.0,
  "final_balance": 72.27879065000003,
  "max_drawdown_pct": 52.43313463776762,
  "profit_factor": 0.6472840899591853,
  "sharpe_ratio": -10.279243988300395,
  "total_profit_abs": -77.72120935000001,
  "total_profit_pct": -51.814139566666675,
  "total_trades": 1572,
  "win_rate": 0.27099236641221375,
  "worst_pair": "HOME/USDT",
  "worst_trade_profit_pct": 0.0
}