{
  "buy_params": {
    "buy_ma_count": 1,
    "buy_ma_gap": 8
  },
  "minimal_roi": {
    "0": 1.4244738287354726,
    "13": 0.29330038595680835,
    "146": 0.9181069004683371,
    "38": 0.17973615144736738
  },
  "sell_params": {
    "sell_ma_count": 10,
    "sell_ma_gap": 14
  },
  "stoploss": -0.8474006810241101,
  "trailing_only_offset_is_reached": false,
  "trailing_stop": false,
  "trailing_stop_positive": 0.13462460131774096,
  "trailing_stop_positive_offset": 0.3436187331265478
}