{
  "export_time": "2026-04-25T19:39:50.383304+00:00",
  "ft_stratparam_v": 1,
  "params": {
    "buy": {
      "buy_ma_count": 18,
      "buy_ma_gap": 19
    },
    "max_open_trades": {
      "max_open_trades": 2
    },
    "roi": {
      "0": 0.22940905488680113,
      "13": 1.7484176318626115,
      "146": 0.8279277416695874,
      "38": 0.1972704366113891
    },
    "sell": {
      "sell_ma_count": 16,
      "sell_ma_gap": 29
    },
    "stoploss": {
      "stoploss": -0.5970634839491425
    },
    "trailing": {
      "trailing_only_offset_is_reached": true,
      "trailing_stop": true,
      "trailing_stop_positive": 0.3484221514711268,
      "trailing_stop_positive_offset": 0.3373943016969793
    }
  },
  "strategy_name": "yes"
}