{
  "best_pair": "XRP/USDT",
  "best_trade_profit_pct": 0.0,
  "final_balance": 118.79711195000002,
  "max_drawdown_pct": 21.526788019999987,
  "profit_factor": 0.7303383126834795,
  "sharpe_ratio": -1.892110662653482,
  "total_profit_abs": -31.202888050000002,
  "total_profit_pct": -20.80192536666667,
  "total_trades": 388,
  "win_rate": 0.29896907216494845,
  "worst_pair": "HOME/USDT",
  "worst_trade_profit_pct": 0.0
}