{
  "best_pair": "XRP/USDT",
  "best_trade_profit_pct": 0.0,
  "final_balance": 98.15662425,
  "max_drawdown_pct": 34.92868361333335,
  "profit_factor": 0.6397267197308715,
  "sharpe_ratio": -4.29960843996286,
  "total_profit_abs": -51.84337575,
  "total_profit_pct": -34.562250500000005,
  "total_trades": 670,
  "win_rate": 0.3029850746268657,
  "worst_pair": "HOME/USDT",
  "worst_trade_profit_pct": 0.0
}