{
  "buy_params": {
    "buy_ma_count": 14,
    "buy_ma_gap": 18
  },
  "minimal_roi": {
    "0": 1.4926499431902958,
    "13": 0.10701112030569372,
    "146": 0.8773916530436066,
    "38": 0.43606675659443045
  },
  "sell_params": {
    "sell_ma_count": 19,
    "sell_ma_gap": 27
  },
  "stoploss": -0.9885187986813393,
  "trailing_only_offset_is_reached": true,
  "trailing_stop": true,
  "trailing_stop_positive": 0.02909222997831859,
  "trailing_stop_positive_offset": 0.04016392083595328
}