{
  "best_pair": "ADA/USDT",
  "best_trade_profit_pct": 0.0,
  "final_balance": 68.33734744,
  "max_drawdown_pct": 15.700932784833482,
  "profit_factor": 0.0841225277232936,
  "sharpe_ratio": -0.5337933298591052,
  "total_profit_abs": -11.662652560000002,
  "total_profit_pct": -14.578315700000003,
  "total_trades": 12,
  "win_rate": 0.25,
  "worst_pair": "ETH/USDT",
  "worst_trade_profit_pct": 0.0
}