{
  "best_pair": "ETH/USDT",
  "best_trade_profit_pct": 0.0,
  "final_balance": 165.88479458,
  "max_drawdown_pct": 15.551919894865351,
  "profit_factor": 1.1463102776715692,
  "sharpe_ratio": 0.11850437858992045,
  "total_profit_abs": 15.88479457999999,
  "total_profit_pct": 10.589863053333328,
  "total_trades": 47,
  "win_rate": 0.3617021276595745,
  "worst_pair": "HOME/USDT",
  "worst_trade_profit_pct": 0.0
}