{
  "best_pair": "XRP/USDT",
  "best_trade_profit_pct": 0.0,
  "final_balance": 44.89625886999984,
  "max_drawdown_pct": 71.81361866935634,
  "profit_factor": 0.744413421781644,
  "sharpe_ratio": -10.308351681666302,
  "total_profit_abs": -105.10374112999999,
  "total_profit_pct": -70.06916075333332,
  "total_trades": 2168,
  "win_rate": 0.3131918819188192,
  "worst_pair": "HOME/USDT",
  "worst_trade_profit_pct": 0.0
}