{
  "export_time": "2026-04-25T17:15:14.833350+00:00",
  "ft_stratparam_v": 1,
  "params": {
    "buy": {
      "buy_ma_count": 9,
      "buy_ma_gap": 15
    },
    "max_open_trades": {
      "max_open_trades": 2
    },
    "roi": {
      "0": 0.4184833943014791,
      "13": 0.3945805614995207,
      "146": 0.2898836767488482,
      "38": 0.834643150896805
    },
    "sell": {
      "sell_ma_count": 11,
      "sell_ma_gap": 18
    },
    "stoploss": {
      "stoploss": -0.5060392223636694
    },
    "trailing": {
      "trailing_only_offset_is_reached": true,
      "trailing_stop": false,
      "trailing_stop_positive": 0.6786062501203618,
      "trailing_stop_positive_offset": 0.3042737854689052
    }
  },
  "strategy_name": "MultiMeee"
}