{
  "export_time": "2026-04-25T18:55:29.120089+00:00",
  "ft_stratparam_v": 1,
  "params": {
    "buy": {
      "buy_ma_count": 17,
      "buy_ma_gap": 16
    },
    "max_open_trades": {
      "max_open_trades": 2
    },
    "roi": {
      "0": 1.0502419295867864,
      "13": 1.744783445051782,
      "146": 0.827877703452165,
      "38": 0.40386718049100667
    },
    "sell": {
      "sell_ma_count": 20,
      "sell_ma_gap": 5
    },
    "stoploss": {
      "stoploss": -0.4379256901179809
    },
    "trailing": {
      "trailing_only_offset_is_reached": true,
      "trailing_stop": false,
      "trailing_stop_positive": 0.08249738345928229,
      "trailing_stop_positive_offset": 0.46785163260697554
    }
  },
  "strategy_name": "yes"
}