{
  "best_pair": "XRP/USDT",
  "best_trade_profit_pct": 0.0,
  "final_balance": 210.29084798000002,
  "max_drawdown_pct": 13.796559451755167,
  "profit_factor": 2.270192299007535,
  "sharpe_ratio": 1.8054394905383788,
  "total_profit_abs": 60.290847979999995,
  "total_profit_pct": 40.193898653333335,
  "total_trades": 112,
  "win_rate": 0.8928571428571429,
  "worst_pair": "HOME/USDT",
  "worst_trade_profit_pct": 0.0
}