{
  "export_time": "2026-04-25T19:48:05.260555+00:00",
  "ft_stratparam_v": 1,
  "params": {
    "buy": {
      "buy_ma_count": 2,
      "buy_ma_gap": 8
    },
    "max_open_trades": {
      "max_open_trades": 2
    },
    "roi": {
      "0": 1.213344215506286,
      "13": 0.9791850263122109,
      "146": 0.04184867704844795,
      "38": 0.06298863656945908
    },
    "sell": {
      "sell_ma_count": 11,
      "sell_ma_gap": 48
    },
    "stoploss": {
      "stoploss": -0.9216089479001462
    },
    "trailing": {
      "trailing_only_offset_is_reached": true,
      "trailing_stop": false,
      "trailing_stop_positive": 0.41028636661785994,
      "trailing_stop_positive_offset": 0.28949467269045875
    }
  },
  "strategy_name": "yes"
}