{
  "best_pair": "XRP/USDT",
  "best_trade_profit_pct": 0.0,
  "final_balance": 232.78254291999997,
  "max_drawdown_pct": 10.249492171182528,
  "profit_factor": 2.7485179311907317,
  "sharpe_ratio": 1.055476072672859,
  "total_profit_abs": 82.78254292,
  "total_profit_pct": 55.18836194666667,
  "total_trades": 43,
  "win_rate": 0.7674418604651163,
  "worst_pair": "HOME/USDT",
  "worst_trade_profit_pct": 0.0
}