{
  "buy_params": {
    "buy_ma_count": 4,
    "buy_ma_gap": 8
  },
  "minimal_roi": {
    "0": 1.0978907144773793,
    "13": 0.796804191684273,
    "146": 0.06793979489149368,
    "38": 0.10464905802212349
  },
  "sell_params": {
    "sell_ma_count": 12,
    "sell_ma_gap": 49
  },
  "stoploss": -0.9899328614589368,
  "trailing_only_offset_is_reached": true,
  "trailing_stop": false,
  "trailing_stop_positive": 0.24407687120006832,
  "trailing_stop_positive_offset": 0.2686802766589804
}