{
  "best_pair": "XRP/USDT",
  "best_trade_profit_pct": 0.0,
  "final_balance": 72.35158866000015,
  "max_drawdown_pct": 53.138927342402,
  "profit_factor": 0.6543070447501874,
  "sharpe_ratio": -8.595286097412005,
  "total_profit_abs": -77.64841134,
  "total_profit_pct": -51.76560755999999,
  "total_trades": 1421,
  "win_rate": 0.28149190710767064,
  "worst_pair": "HOME/USDT",
  "worst_trade_profit_pct": 0.0
}