{
  "best_pair": "XRP/USDT",
  "best_trade_profit_pct": 0.0,
  "final_balance": 206.09990683999996,
  "max_drawdown_pct": 12.103874178695504,
  "profit_factor": 1.8717401628628358,
  "sharpe_ratio": 1.3423382108957447,
  "total_profit_abs": 56.09990684,
  "total_profit_pct": 37.39993789333334,
  "total_trades": 110,
  "win_rate": 0.8818181818181818,
  "worst_pair": "HOME/USDT",
  "worst_trade_profit_pct": 0.0
}