{
  "buy_params": {
    "buy_ma_count": 2,
    "buy_ma_gap": 8
  },
  "minimal_roi": {
    "0": 1.4398626013054916,
    "13": 0.5414416270980626,
    "146": 0.019543897908422897,
    "38": 0.14314205266562247
  },
  "sell_params": {
    "sell_ma_count": 14,
    "sell_ma_gap": 48
  },
  "stoploss": -0.777266044091548,
  "trailing_only_offset_is_reached": true,
  "trailing_stop": false,
  "trailing_stop_positive": 0.42006325681847717,
  "trailing_stop_positive_offset": 0.2780211875071972
}