{
  "best_pair": "XRP/USDT",
  "best_trade_profit_pct": 0.0,
  "final_balance": 241.7640586,
  "max_drawdown_pct": 13.13472375174892,
  "profit_factor": 2.757098161890282,
  "sharpe_ratio": 1.1183900915934197,
  "total_profit_abs": 91.7640586,
  "total_profit_pct": 61.17603906666667,
  "total_trades": 44,
  "win_rate": 0.75,
  "worst_pair": "HOME/USDT",
  "worst_trade_profit_pct": 0.0
}