{
  "export_time": "2026-04-25T19:43:58.669684+00:00",
  "ft_stratparam_v": 1,
  "params": {
    "buy": {
      "buy_ma_count": 1,
      "buy_ma_gap": 12
    },
    "max_open_trades": {
      "max_open_trades": 2
    },
    "roi": {
      "0": 0.7490408769836114,
      "13": 1.1031559920357137,
      "146": 6.355231553521051e-05,
      "38": 0.1311729262668508
    },
    "sell": {
      "sell_ma_count": 11,
      "sell_ma_gap": 42
    },
    "stoploss": {
      "stoploss": -0.8780903194123919
    },
    "trailing": {
      "trailing_only_offset_is_reached": true,
      "trailing_stop": false,
      "trailing_stop_positive": 0.46868859162138904,
      "trailing_stop_positive_offset": 0.25189798959047227
    }
  },
  "strategy_name": "yes"
}