{
  "best_pair": "XRP/USDT",
  "best_trade_profit_pct": 0.0,
  "final_balance": 91.08986231,
  "max_drawdown_pct": 40.37336015603915,
  "profit_factor": 0.7329546639046132,
  "sharpe_ratio": -5.672188000654707,
  "total_profit_abs": -58.91013769,
  "total_profit_pct": -39.273425126666666,
  "total_trades": 1100,
  "win_rate": 0.2790909090909091,
  "worst_pair": "HOME/USDT",
  "worst_trade_profit_pct": 0.0
}