{
  "best_pair": "XRP/USDT",
  "best_trade_profit_pct": 0.0,
  "final_balance": 12.749960939999767,
  "max_drawdown_pct": 91.77599028656427,
  "profit_factor": 0.49100557279122864,
  "sharpe_ratio": -42.721049539176825,
  "total_profit_abs": -137.25003906,
  "total_profit_pct": -91.50002604000001,
  "total_trades": 4015,
  "win_rate": 0.26749688667496885,
  "worst_pair": "HOME/USDT",
  "worst_trade_profit_pct": 0.0
}