{
  "buy_params": {
    "buy_ma_count": 3,
    "buy_ma_gap": 10
  },
  "minimal_roi": {
    "0": 2.2596707766140507,
    "13": 1.429901396890185,
    "146": 0.4165374432747486,
    "38": 0.6393502279195518
  },
  "sell_params": {
    "sell_ma_count": 9,
    "sell_ma_gap": 1
  },
  "stoploss": -0.3324857666900633,
  "trailing_only_offset_is_reached": true,
  "trailing_stop": true,
  "trailing_stop_positive": 0.16088416445986975,
  "trailing_stop_positive_offset": 0.6016978738143908
}