{
  "best_pair": "ADA/USDT",
  "best_trade_profit_pct": 0.0,
  "final_balance": 75.49089513999999,
  "max_drawdown_pct": 11.263454996097146,
  "profit_factor": 0.9099670039778079,
  "sharpe_ratio": -0.5076247511412612,
  "total_profit_abs": -4.509104859999998,
  "total_profit_pct": -5.636381074999998,
  "total_trades": 280,
  "win_rate": 0.41785714285714287,
  "worst_pair": "ETH/USDT",
  "worst_trade_profit_pct": 0.0
}