{
  "best_pair": "ETH/USDT",
  "best_trade_profit_pct": 0.0,
  "final_balance": 151.97139988,
  "max_drawdown_pct": 6.909684782981472,
  "profit_factor": 1.136691382865563,
  "sharpe_ratio": 0.02433195380823958,
  "total_profit_abs": 1.9713998800000023,
  "total_profit_pct": 1.3142665866666683,
  "total_trades": 10,
  "win_rate": 0.4,
  "worst_pair": "HOME/USDT",
  "worst_trade_profit_pct": 0.0
}