{
  "best_pair": "ETH/USDT",
  "best_trade_profit_pct": 0.0,
  "final_balance": 149.47201964,
  "max_drawdown_pct": 0.7162971733333354,
  "profit_factor": 0.508602128040414,
  "sharpe_ratio": -0.04942849056523232,
  "total_profit_abs": -0.5279803599999999,
  "total_profit_pct": -0.3519869066666666,
  "total_trades": 3,
  "win_rate": 0.33333333333333326,
  "worst_pair": "ADA/USDT",
  "worst_trade_profit_pct": 0.0
}