{
  "best_pair": "XRP/USDT",
  "best_trade_profit_pct": 0.0,
  "final_balance": 154.65109325,
  "max_drawdown_pct": 12.037208256214578,
  "profit_factor": 1.2298252149254918,
  "sharpe_ratio": 0.19451975162884277,
  "total_profit_abs": 4.65109325,
  "total_profit_pct": 3.100728833333333,
  "total_trades": 108,
  "win_rate": 0.9537037037037037,
  "worst_pair": "HOME/USDT",
  "worst_trade_profit_pct": 0.0
}