{
  "buy_params": {
    "buy_ma_count": 4,
    "buy_ma_gap": 8
  },
  "minimal_roi": {
    "0": 1.6220596832241403,
    "13": 0.6377475376374184,
    "146": 0.0013789774069695032,
    "38": 0.02980078886206885
  },
  "sell_params": {
    "sell_ma_count": 13,
    "sell_ma_gap": 48
  },
  "stoploss": -0.7873665263742825,
  "trailing_only_offset_is_reached": true,
  "trailing_stop": false,
  "trailing_stop_positive": 0.45117798815195304,
  "trailing_stop_positive_offset": 0.31656105075196933
}