{
  "best_pair": "XRP/USDT",
  "best_trade_profit_pct": 0.0,
  "final_balance": 115.84350262000004,
  "max_drawdown_pct": 26.377257012999223,
  "profit_factor": 0.7177597524490477,
  "sharpe_ratio": -2.5389150031291354,
  "total_profit_abs": -34.156497380000005,
  "total_profit_pct": -22.770998253333335,
  "total_trades": 475,
  "win_rate": 0.2926315789473684,
  "worst_pair": "HOME/USDT",
  "worst_trade_profit_pct": 0.0
}