{
  "buy_params": {
    "buy_ma_count": 2,
    "buy_ma_gap": 9
  },
  "minimal_roi": {
    "0": 1.0354716680911051,
    "13": 1.6103284937233195,
    "146": 0.19017299121847456,
    "38": 0.8408099402557601
  },
  "sell_params": {
    "sell_ma_count": 18,
    "sell_ma_gap": 42
  },
  "stoploss": -0.9462729723565355,
  "trailing_only_offset_is_reached": true,
  "trailing_stop": false,
  "trailing_stop_positive": 0.1460910067307444,
  "trailing_stop_positive_offset": 0.049028332111059274
}