{
  "best_pair": "ADA/USDT",
  "best_trade_profit_pct": 0.0,
  "final_balance": 87.76595702,
  "max_drawdown_pct": 17.075841361601505,
  "profit_factor": 1.3128522698640053,
  "sharpe_ratio": 0.11916710814940594,
  "total_profit_abs": 7.765957020000001,
  "total_profit_pct": 9.707446275,
  "total_trades": 29,
  "win_rate": 0.7241379310344827,
  "worst_pair": "ETH/USDT",
  "worst_trade_profit_pct": 0.0
}