{
  "best_pair": "ADA/USDT",
  "best_trade_profit_pct": 0.0,
  "final_balance": 86.92971102999999,
  "max_drawdown_pct": 9.432379672825974,
  "profit_factor": 1.5558845676444257,
  "sharpe_ratio": 0.13733283184603975,
  "total_profit_abs": 6.92971103,
  "total_profit_pct": 8.6621387875,
  "total_trades": 16,
  "win_rate": 0.6875,
  "worst_pair": "ETH/USDT",
  "worst_trade_profit_pct": 0.0
}