{
  "best_pair": "XRP/USDT",
  "best_trade_profit_pct": 0.0,
  "final_balance": 99.99406445999989,
  "max_drawdown_pct": 33.992614866666734,
  "profit_factor": 0.6945473120819725,
  "sharpe_ratio": -4.436068829674637,
  "total_profit_abs": -50.005935539999996,
  "total_profit_pct": -33.33729036,
  "total_trades": 707,
  "win_rate": 0.3041018387553041,
  "worst_pair": "HOME/USDT",
  "worst_trade_profit_pct": 0.0
}