{
  "buy_params": {
    "buy_ma_count": 16,
    "buy_ma_gap": 29
  },
  "minimal_roi": {
    "0": 1.562931619711706,
    "13": 1.6255631041306928,
    "146": 0.013114700188860684,
    "38": 0.34098917300322384
  },
  "sell_params": {
    "sell_ma_count": 14,
    "sell_ma_gap": 40
  },
  "stoploss": -0.4510643730833275,
  "trailing_only_offset_is_reached": true,
  "trailing_stop": false,
  "trailing_stop_positive": 0.04346373161259617,
  "trailing_stop_positive_offset": 0.10449000940865875
}