{
  "best_pair": "XRP/USDT",
  "best_trade_profit_pct": 0.0,
  "final_balance": 12.75212255999989,
  "max_drawdown_pct": 91.49858496000007,
  "profit_factor": 0.3986792089892584,
  "sharpe_ratio": -53.75205004990924,
  "total_profit_abs": -137.24787744,
  "total_profit_pct": -91.49858496,
  "total_trades": 4036,
  "win_rate": 0.2257185332011893,
  "worst_pair": "HOME/USDT",
  "worst_trade_profit_pct": 0.0
}