{
  "best_pair": "XRP/USDT",
  "best_trade_profit_pct": 0.0,
  "final_balance": 133.13948904999998,
  "max_drawdown_pct": 14.901372372732947,
  "profit_factor": 0.8227078699167075,
  "sharpe_ratio": -0.9529379870182918,
  "total_profit_abs": -16.860510950000005,
  "total_profit_pct": -11.240340633333338,
  "total_trades": 276,
  "win_rate": 0.322463768115942,
  "worst_pair": "HOME/USDT",
  "worst_trade_profit_pct": 0.0
}