{
  "best_pair": "XRP/USDT",
  "best_trade_profit_pct": 0.0,
  "final_balance": 85.91681135000002,
  "max_drawdown_pct": 44.07257833880078,
  "profit_factor": 0.7313009352561941,
  "sharpe_ratio": -6.694321964153629,
  "total_profit_abs": -64.08318865,
  "total_profit_pct": -42.722125766666665,
  "total_trades": 1532,
  "win_rate": 0.28720626631853785,
  "worst_pair": "HOME/USDT",
  "worst_trade_profit_pct": 0.0
}