{
  "buy_params": {
    "buy_ma_count": 2,
    "buy_ma_gap": 12
  },
  "minimal_roi": {
    "0": 1.5830448521080511,
    "13": 0.47430363324315555,
    "146": 0.8221547099284813,
    "38": 0.15093280687285315
  },
  "sell_params": {
    "sell_ma_count": 14,
    "sell_ma_gap": 17
  },
  "stoploss": -0.9458373926264272,
  "trailing_only_offset_is_reached": false,
  "trailing_stop": false,
  "trailing_stop_positive": 0.0994070532244613,
  "trailing_stop_positive_offset": 0.3389087228387269
}