{
  "best_pair": "ADA/USDT",
  "best_trade_profit_pct": 0.0,
  "final_balance": 78.75785742,
  "max_drawdown_pct": 9.312783601950523,
  "profit_factor": 0.9749714714880735,
  "sharpe_ratio": -0.13282831449008628,
  "total_profit_abs": -1.2421425799999994,
  "total_profit_pct": -1.5526782249999993,
  "total_trades": 277,
  "win_rate": 0.44404332129963897,
  "worst_pair": "ETH/USDT",
  "worst_trade_profit_pct": 0.0
}