{
  "best_pair": "XRP/USDT",
  "best_trade_profit_pct": 0.0,
  "final_balance": 54.77010853999978,
  "max_drawdown_pct": 63.69666058000014,
  "profit_factor": 0.6283831047806507,
  "sharpe_ratio": -17.16061039301483,
  "total_profit_abs": -95.22989146000002,
  "total_profit_pct": -63.486594306666674,
  "total_trades": 2101,
  "win_rate": 0.3079485959067111,
  "worst_pair": "HOME/USDT",
  "worst_trade_profit_pct": 0.0
}