{
  "buy_params": {
    "buy_ma_count": 10,
    "buy_ma_gap": 16
  },
  "minimal_roi": {
    "0": 0.010120400068592134,
    "13": 1.3000637735848861,
    "146": 0.19273379488429643,
    "38": 0.4672085792894436
  },
  "sell_params": {
    "sell_ma_count": 11,
    "sell_ma_gap": 7
  },
  "stoploss": -0.4490264835322004,
  "trailing_only_offset_is_reached": true,
  "trailing_stop": false,
  "trailing_stop_positive": 0.03841007332386337,
  "trailing_stop_positive_offset": 0.11775892957510585
}