{
  "export_time": "2026-04-25T19:29:42.089112+00:00",
  "ft_stratparam_v": 1,
  "params": {
    "buy": {
      "buy_ma_count": 2,
      "buy_ma_gap": 44
    },
    "max_open_trades": {
      "max_open_trades": 2
    },
    "roi": {
      "0": 0.9736733906410167,
      "13": 0.8090072382624636,
      "146": 0.0527258634005713,
      "38": 0.8638388943940334
    },
    "sell": {
      "sell_ma_count": 19,
      "sell_ma_gap": 47
    },
    "stoploss": {
      "stoploss": -0.6804330717668389
    },
    "trailing": {
      "trailing_only_offset_is_reached": true,
      "trailing_stop": true,
      "trailing_stop_positive": 0.12721139423442956,
      "trailing_stop_positive_offset": 0.42480789593026325
    }
  },
  "strategy_name": "yes"
}