{
  "export_time": "2026-04-25T18:56:59.258923+00:00",
  "ft_stratparam_v": 1,
  "params": {
    "buy": {
      "buy_ma_count": 1,
      "buy_ma_gap": 9
    },
    "max_open_trades": {
      "max_open_trades": 2
    },
    "roi": {
      "0": 1.144415046478982,
      "13": 1.2655773992328012,
      "146": 0.04185841143313823,
      "38": 0.05110110735873205
    },
    "sell": {
      "sell_ma_count": 13,
      "sell_ma_gap": 10
    },
    "stoploss": {
      "stoploss": -0.9142054765798714
    },
    "trailing": {
      "trailing_only_offset_is_reached": false,
      "trailing_stop": false,
      "trailing_stop_positive": 0.2855750486105034,
      "trailing_stop_positive_offset": 0.09110796013320802
    }
  },
  "strategy_name": "yes"
}