{
  "best_pair": "XRP/USDT",
  "best_trade_profit_pct": 0.0,
  "final_balance": 260.067123,
  "max_drawdown_pct": 7.984759333352169,
  "profit_factor": 2.6835790443945973,
  "sharpe_ratio": 0.92021706784531,
  "total_profit_abs": 110.067123,
  "total_profit_pct": 73.378082,
  "total_trades": 38,
  "win_rate": 0.7105263157894737,
  "worst_pair": "HOME/USDT",
  "worst_trade_profit_pct": 0.0
}