{
  "best_pair": "ADA/USDT",
  "best_trade_profit_pct": 0.0,
  "final_balance": 121.86352975,
  "max_drawdown_pct": 15.235425440068678,
  "profit_factor": 2.438391520020779,
  "sharpe_ratio": 0.7132555825375135,
  "total_profit_abs": 41.86352975,
  "total_profit_pct": 52.329412187500004,
  "total_trades": 49,
  "win_rate": 0.653061224489796,
  "worst_pair": "ETH/USDT",
  "worst_trade_profit_pct": 0.0
}