{
  "best_pair": "XRP/USDT",
  "best_trade_profit_pct": 0.0,
  "final_balance": 124.39384445000003,
  "max_drawdown_pct": 17.920953161734925,
  "profit_factor": 0.7892832664120072,
  "sharpe_ratio": -1.4082062549889196,
  "total_profit_abs": -25.606155550000004,
  "total_profit_pct": -17.070770366666668,
  "total_trades": 364,
  "win_rate": 0.3434065934065934,
  "worst_pair": "HOME/USDT",
  "worst_trade_profit_pct": 0.0
}