{
  "buy_params": {
    "buy_ma_count": 4,
    "buy_ma_gap": 20
  },
  "minimal_roi": {
    "0": 1.339519498363086,
    "13": 0.056785811170407985,
    "146": 0.12120224345668237,
    "38": 0.5758441376251671
  },
  "sell_params": {
    "sell_ma_count": 19,
    "sell_ma_gap": 46
  },
  "stoploss": -0.6899760242176176,
  "trailing_only_offset_is_reached": true,
  "trailing_stop": false,
  "trailing_stop_positive": 0.12829645110875026,
  "trailing_stop_positive_offset": 0.4262564540734961
}