{
  "best_pair": "ETH/USDT",
  "best_trade_profit_pct": 0.0,
  "final_balance": 154.82917663,
  "max_drawdown_pct": 1.304986039223486,
  "profit_factor": 2.3784606528202827,
  "sharpe_ratio": 0.10454724553430365,
  "total_profit_abs": 4.829176629999999,
  "total_profit_pct": 3.2194510866666666,
  "total_trades": 7,
  "win_rate": 0.5714285714285714,
  "worst_pair": "ADA/USDT",
  "worst_trade_profit_pct": 0.0
}