{
  "export_time": "2026-04-25T19:40:41.860440+00:00",
  "ft_stratparam_v": 1,
  "params": {
    "buy": {
      "buy_ma_count": 9,
      "buy_ma_gap": 28
    },
    "max_open_trades": {
      "max_open_trades": 2
    },
    "roi": {
      "0": 1.708432893000291,
      "13": 0.3881483113481274,
      "146": 0.22018567136553446,
      "38": 0.8085584924430406
    },
    "sell": {
      "sell_ma_count": 8,
      "sell_ma_gap": 37
    },
    "stoploss": {
      "stoploss": -0.5076968131997003
    },
    "trailing": {
      "trailing_only_offset_is_reached": false,
      "trailing_stop": false,
      "trailing_stop_positive": 0.4289418668577719,
      "trailing_stop_positive_offset": 0.08539469835540539
    }
  },
  "strategy_name": "yes"
}