{
  "best_pair": "XRP/USDT",
  "best_trade_profit_pct": 0.0,
  "final_balance": 239.19573758,
  "max_drawdown_pct": 5.084392108340094,
  "profit_factor": 5.264414588191197,
  "sharpe_ratio": 0.3567960963799852,
  "total_profit_abs": 89.19573757999999,
  "total_profit_pct": 59.463825053333316,
  "total_trades": 13,
  "win_rate": 0.4615384615384615,
  "worst_pair": "HOME/USDT",
  "worst_trade_profit_pct": 0.0
}