{
  "export_time": "2026-04-25T19:46:03.396424+00:00",
  "ft_stratparam_v": 1,
  "params": {
    "buy": {
      "buy_ma_count": 3,
      "buy_ma_gap": 1
    },
    "max_open_trades": {
      "max_open_trades": 2
    },
    "roi": {
      "0": 1.3734464687833132,
      "13": 0.6669443520618791,
      "146": 0.06946276687286015,
      "38": 0.051767281515276486
    },
    "sell": {
      "sell_ma_count": 15,
      "sell_ma_gap": 45
    },
    "stoploss": {
      "stoploss": -0.864011336284578
    },
    "trailing": {
      "trailing_only_offset_is_reached": true,
      "trailing_stop": false,
      "trailing_stop_positive": 0.44891154564551294,
      "trailing_stop_positive_offset": 0.29778493226947716
    }
  },
  "strategy_name": "yes"
}