{
  "best_pair": "ETH/USDT",
  "best_trade_profit_pct": 0.0,
  "final_balance": 192.66754945,
  "max_drawdown_pct": 7.37055378296763,
  "profit_factor": 2.0060583522321394,
  "sharpe_ratio": 0.4409225248831653,
  "total_profit_abs": 42.667549449999996,
  "total_profit_pct": 28.445032966666663,
  "total_trades": 27,
  "win_rate": 0.5555555555555556,
  "worst_pair": "HOME/USDT",
  "worst_trade_profit_pct": 0.0
}