{
  "export_time": "2026-04-25T17:16:27.070795+00:00",
  "ft_stratparam_v": 1,
  "params": {
    "buy": {
      "buy_ma_count": 8,
      "buy_ma_gap": 8
    },
    "max_open_trades": {
      "max_open_trades": 2
    },
    "roi": {
      "0": 0.8479176133679821,
      "13": 0.744838053427843,
      "146": 0.10147923612827231,
      "38": 0.0762253625128927
    },
    "sell": {
      "sell_ma_count": 15,
      "sell_ma_gap": 24
    },
    "stoploss": {
      "stoploss": -0.3609798222882147
    },
    "trailing": {
      "trailing_only_offset_is_reached": true,
      "trailing_stop": true,
      "trailing_stop_positive": 0.36273728578093856,
      "trailing_stop_positive_offset": 0.3310267816766171
    }
  },
  "strategy_name": "MultiMeee"
}