{
  "best_pair": "XRP/USDT",
  "best_trade_profit_pct": 0.0,
  "final_balance": 218.95051156,
  "max_drawdown_pct": 10.67089682652915,
  "profit_factor": 2.457270092366379,
  "sharpe_ratio": 0.8532605680183708,
  "total_profit_abs": 68.95051156,
  "total_profit_pct": 45.967007706666664,
  "total_trades": 38,
  "win_rate": 0.7105263157894737,
  "worst_pair": "HOME/USDT",
  "worst_trade_profit_pct": 0.0
}