{
  "export_time": "2026-04-25T17:17:59.953285+00:00",
  "ft_stratparam_v": 1,
  "params": {
    "buy": {
      "buy_ma_count": 7,
      "buy_ma_gap": 11
    },
    "max_open_trades": {
      "max_open_trades": 2
    },
    "roi": {
      "0": 0.6907491906345338,
      "13": 0.7752450879843816,
      "146": 0.11727576507703814,
      "38": 0.23790448647485468
    },
    "sell": {
      "sell_ma_count": 17,
      "sell_ma_gap": 33
    },
    "stoploss": {
      "stoploss": -0.3546688173290532
    },
    "trailing": {
      "trailing_only_offset_is_reached": true,
      "trailing_stop": true,
      "trailing_stop_positive": 0.407365691203161,
      "trailing_stop_positive_offset": 0.5424757580687373
    }
  },
  "strategy_name": "MultiMeee"
}