{
  "best_pair": "XRP/USDT",
  "best_trade_profit_pct": 0.0,
  "final_balance": 191.57830359000002,
  "max_drawdown_pct": 12.601228439282547,
  "profit_factor": 1.8477616693606977,
  "sharpe_ratio": 1.1496105648569914,
  "total_profit_abs": 41.578303590000004,
  "total_profit_pct": 27.71886906,
  "total_trades": 95,
  "win_rate": 0.8421052631578947,
  "worst_pair": "HOME/USDT",
  "worst_trade_profit_pct": 0.0
}