{
  "best_pair": "XRP/USDT",
  "best_trade_profit_pct": 0.0,
  "final_balance": 235.68532609,
  "max_drawdown_pct": 10.105633565270706,
  "profit_factor": 2.2101747701708088,
  "sharpe_ratio": 1.1997117344346164,
  "total_profit_abs": 85.68532608999999,
  "total_profit_pct": 57.123550726666664,
  "total_trades": 61,
  "win_rate": 0.7213114754098361,
  "worst_pair": "HOME/USDT",
  "worst_trade_profit_pct": 0.0
}