{
  "best_pair": "ADA/USDT",
  "best_trade_profit_pct": 0.0,
  "final_balance": 41.539543669999944,
  "max_drawdown_pct": 50.42922800000007,
  "profit_factor": 0.6122496652293463,
  "sharpe_ratio": -7.541622152235375,
  "total_profit_abs": -38.46045633,
  "total_profit_pct": -48.0755704125,
  "total_trades": 818,
  "win_rate": 0.3092909535452323,
  "worst_pair": "ETH/USDT",
  "worst_trade_profit_pct": 0.0
}