{
  "buy_params": {
    "buy_ma_count": 9,
    "buy_ma_gap": 13
  },
  "minimal_roi": {
    "0": 0.8949362902105114,
    "13": 0.611118930961004,
    "146": 0.04677264653683874,
    "38": 0.03674366474959449
  },
  "sell_params": {
    "sell_ma_count": 10,
    "sell_ma_gap": 29
  },
  "stoploss": -0.27695175572330905,
  "trailing_only_offset_is_reached": true,
  "trailing_stop": true,
  "trailing_stop_positive": 0.8012739488728811,
  "trailing_stop_positive_offset": 0.5218722770807079
}