{
  "best_pair": "XRP/USDT",
  "best_trade_profit_pct": 0.0,
  "final_balance": 200.66487815,
  "max_drawdown_pct": 10.641401552200415,
  "profit_factor": 2.0884972602752403,
  "sharpe_ratio": 0.675809503109968,
  "total_profit_abs": 50.66487814999999,
  "total_profit_pct": 33.77658543333333,
  "total_trades": 37,
  "win_rate": 0.6756756756756757,
  "worst_pair": "HOME/USDT",
  "worst_trade_profit_pct": 0.0
}