{
  "best_pair": "ADA/USDT",
  "best_trade_profit_pct": 0.0,
  "final_balance": 52.66401303000003,
  "max_drawdown_pct": 37.91810576651437,
  "profit_factor": 0.6361280531135945,
  "sharpe_ratio": -5.192053966750213,
  "total_profit_abs": -27.33598697,
  "total_profit_pct": -34.1699837125,
  "total_trades": 600,
  "win_rate": 0.32166666666666666,
  "worst_pair": "ETH/USDT",
  "worst_trade_profit_pct": 0.0
}