{
  "best_pair": "XRP/USDT",
  "best_trade_profit_pct": 0.0,
  "final_balance": 271.81290472,
  "max_drawdown_pct": 12.805537242707727,
  "profit_factor": 3.125427216452239,
  "sharpe_ratio": 1.198878388158776,
  "total_profit_abs": 121.81290472,
  "total_profit_pct": 81.20860314666668,
  "total_trades": 42,
  "win_rate": 0.6666666666666665,
  "worst_pair": "HOME/USDT",
  "worst_trade_profit_pct": 0.0
}