{
  "best_pair": "XRP/USDT",
  "best_trade_profit_pct": 0.0,
  "final_balance": 173.87068298,
  "max_drawdown_pct": 1.6073739994684033,
  "profit_factor": 4.832368178675144,
  "sharpe_ratio": 0.32128795807196997,
  "total_profit_abs": 23.87068298000001,
  "total_profit_pct": 15.913788653333338,
  "total_trades": 12,
  "win_rate": 0.6666666666666665,
  "worst_pair": "HOME/USDT",
  "worst_trade_profit_pct": 0.0
}