{
  "buy_params": {
    "buy_ma_count": 20,
    "buy_ma_gap": 5
  },
  "minimal_roi": {
    "0": 0.729244105602029,
    "13": 1.090136962741968,
    "146": 0.3357693591335094,
    "38": 0.4846706719678421
  },
  "sell_params": {
    "sell_ma_count": 19,
    "sell_ma_gap": 29
  },
  "stoploss": -0.4278902370395664,
  "trailing_only_offset_is_reached": true,
  "trailing_stop": true,
  "trailing_stop_positive": 0.45324455638940386,
  "trailing_stop_positive_offset": 0.5166831975279713
}