{
  "best_pair": "XRP/USDT",
  "best_trade_profit_pct": 0.0,
  "final_balance": 112.34080163000002,
  "max_drawdown_pct": 25.910440686666657,
  "profit_factor": 0.7562457160826128,
  "sharpe_ratio": -2.3127837920369774,
  "total_profit_abs": -37.65919837,
  "total_profit_pct": -25.106132246666668,
  "total_trades": 558,
  "win_rate": 0.2956989247311828,
  "worst_pair": "HOME/USDT",
  "worst_trade_profit_pct": 0.0
}