{
  "buy_params": {
    "buy_ma_count": 9,
    "buy_ma_gap": 9
  },
  "minimal_roi": {
    "0": 0.38435992337620717,
    "13": 1.9845174365848186,
    "146": 0.6186253636575364,
    "38": 0.21138896468563068
  },
  "sell_params": {
    "sell_ma_count": 11,
    "sell_ma_gap": 43
  },
  "stoploss": -0.39221234270498395,
  "trailing_only_offset_is_reached": false,
  "trailing_stop": false,
  "trailing_stop_positive": 0.06673855621241781,
  "trailing_stop_positive_offset": 0.12887918334481221
}