{
  "best_pair": "XRP/USDT",
  "best_trade_profit_pct": 0.0,
  "final_balance": 254.49669979,
  "max_drawdown_pct": 11.313559227604216,
  "profit_factor": 3.185399573767371,
  "sharpe_ratio": 1.3809616781413587,
  "total_profit_abs": 104.49669978999998,
  "total_profit_pct": 69.66446652666666,
  "total_trades": 47,
  "win_rate": 0.8085106382978722,
  "worst_pair": "HOME/USDT",
  "worst_trade_profit_pct": 0.0
}