{
  "buy_params": {},
  "minimal_roi": {
    "0": 1.3357921823498782,
    "13": 0.6321540053297992,
    "146": 0.02341852565408832,
    "38": 0.2878156355986399
  },
  "sell_params": {},
  "stoploss": -0.7658017455155253
}