{
  "best_pair": "XRP/USDT",
  "best_trade_profit_pct": 0.0,
  "final_balance": 13.580163900000201,
  "max_drawdown_pct": 91.1324900968839,
  "profit_factor": 0.528144380854144,
  "sharpe_ratio": -39.66153785791209,
  "total_profit_abs": -136.4198361,
  "total_profit_pct": -90.94655739999999,
  "total_trades": 4084,
  "win_rate": 0.2612634671890304,
  "worst_pair": "HOME/USDT",
  "worst_trade_profit_pct": 0.0
}