{
  "best_pair": "XRP/USDT",
  "best_trade_profit_pct": 0.0,
  "final_balance": 223.2559951,
  "max_drawdown_pct": 13.147151568400078,
  "profit_factor": 2.6890263211309775,
  "sharpe_ratio": 1.2785520763680533,
  "total_profit_abs": 73.25599509999999,
  "total_profit_pct": 48.83733006666666,
  "total_trades": 53,
  "win_rate": 0.7924528301886792,
  "worst_pair": "HOME/USDT",
  "worst_trade_profit_pct": 0.0
}