{
  "buy_params": {
    "buy_ma_count": 3,
    "buy_ma_gap": 10
  },
  "minimal_roi": {
    "0": 1.2026082179831479,
    "13": 0.8877342842065159,
    "146": 0.048486383296615095,
    "38": 0.011510424548417358
  },
  "sell_params": {
    "sell_ma_count": 12,
    "sell_ma_gap": 47
  },
  "stoploss": -0.9852567942230779,
  "trailing_only_offset_is_reached": true,
  "trailing_stop": false,
  "trailing_stop_positive": 0.4391449262188588,
  "trailing_stop_positive_offset": 0.31611305487052366
}