{
  "buy_params": {
    "buy_ma_count": 2,
    "buy_ma_gap": 33
  },
  "minimal_roi": {
    "0": 0.5089291082424077,
    "13": 1.6311471011265006,
    "146": 0.1372225879437114,
    "38": 0.1666281461502903
  },
  "sell_params": {
    "sell_ma_count": 18,
    "sell_ma_gap": 11
  },
  "stoploss": -0.42485252191728723,
  "trailing_only_offset_is_reached": false,
  "trailing_stop": true,
  "trailing_stop_positive": 0.26488423192582006,
  "trailing_stop_positive_offset": 0.18982464265979268
}