{
  "best_pair": "XRP/USDT",
  "best_trade_profit_pct": 0.0,
  "final_balance": 205.35604107999998,
  "max_drawdown_pct": 12.676341154564843,
  "profit_factor": 2.1705594675265196,
  "sharpe_ratio": 0.27239729891381975,
  "total_profit_abs": 55.356041080000004,
  "total_profit_pct": 36.90402738666667,
  "total_trades": 20,
  "win_rate": 0.45,
  "worst_pair": "HOME/USDT",
  "worst_trade_profit_pct": 0.0
}