{
  "buy_params": {
    "buy_ma_count": 4,
    "buy_ma_gap": 13
  },
  "minimal_roi": {
    "0": 2.0707091479301365,
    "13": 0.1806684038808803,
    "146": 0.49443310161968906,
    "38": 0.5169423546579703
  },
  "sell_params": {
    "sell_ma_count": 12,
    "sell_ma_gap": 45
  },
  "stoploss": -0.6211148700408061,
  "trailing_only_offset_is_reached": true,
  "trailing_stop": false,
  "trailing_stop_positive": 0.3036579441507429,
  "trailing_stop_positive_offset": 0.28467919965215577
}