{
  "best_pair": "XRP/USDT",
  "best_trade_profit_pct": 0.0,
  "final_balance": 36.1370081499998,
  "max_drawdown_pct": 76.03743282225206,
  "profit_factor": 0.5851107071805555,
  "sharpe_ratio": -21.11248486879008,
  "total_profit_abs": -113.86299184999999,
  "total_profit_pct": -75.90866123333332,
  "total_trades": 2506,
  "win_rate": 0.27693535514764567,
  "worst_pair": "HOME/USDT",
  "worst_trade_profit_pct": 0.0
}