{
  "best_pair": "XRP/USDT",
  "best_trade_profit_pct": 0.0,
  "final_balance": 161.56848774000002,
  "max_drawdown_pct": 17.29741926410801,
  "profit_factor": 1.0888189269470665,
  "sharpe_ratio": 0.3181737869996753,
  "total_profit_abs": 11.568487740000005,
  "total_profit_pct": 7.712325160000004,
  "total_trades": 195,
  "win_rate": 0.4,
  "worst_pair": "HOME/USDT",
  "worst_trade_profit_pct": 0.0
}