{
  "best_pair": "XRP/USDT",
  "best_trade_profit_pct": 0.0,
  "final_balance": 175.34884263,
  "max_drawdown_pct": 11.124229996434297,
  "profit_factor": 1.4339717396283558,
  "sharpe_ratio": 0.677311948339363,
  "total_profit_abs": 25.348842629999996,
  "total_profit_pct": 16.899228419999996,
  "total_trades": 98,
  "win_rate": 0.846938775510204,
  "worst_pair": "HOME/USDT",
  "worst_trade_profit_pct": 0.0
}