{
  "best_pair": "XRP/USDT",
  "best_trade_profit_pct": 0.0,
  "final_balance": 220.78593648000003,
  "max_drawdown_pct": 13.176955741386587,
  "profit_factor": 2.641066056792873,
  "sharpe_ratio": 1.2497996162930813,
  "total_profit_abs": 70.78593648,
  "total_profit_pct": 47.190624320000005,
  "total_trades": 53,
  "win_rate": 0.7924528301886792,
  "worst_pair": "HOME/USDT",
  "worst_trade_profit_pct": 0.0
}