{
  "best_pair": "XRP/USDT",
  "best_trade_profit_pct": 0.0,
  "final_balance": 78.57545250000011,
  "max_drawdown_pct": 48.32596835999989,
  "profit_factor": 0.6718572046601116,
  "sharpe_ratio": -10.129075779502923,
  "total_profit_abs": -71.42454749999999,
  "total_profit_pct": -47.616364999999995,
  "total_trades": 1495,
  "win_rate": 0.2862876254180602,
  "worst_pair": "HOME/USDT",
  "worst_trade_profit_pct": 0.0
}