{
  "buy_params": {
    "buy_ma_count": 9,
    "buy_ma_gap": 9
  },
  "minimal_roi": {
    "0": 0.562514206498939,
    "13": 0.8817576272483709,
    "146": 0.07384122118605753,
    "38": 0.6427936214301806
  },
  "sell_params": {
    "sell_ma_count": 12,
    "sell_ma_gap": 18
  },
  "stoploss": -0.39616686290667996,
  "trailing_only_offset_is_reached": false,
  "trailing_stop": false,
  "trailing_stop_positive": 0.29699633469249787,
  "trailing_stop_positive_offset": 0.18477537812397765
}