{
  "best_pair": "ADA/USDT",
  "best_trade_profit_pct": 0.0,
  "final_balance": 8.974357030000235,
  "max_drawdown_pct": 89.15515579699806,
  "profit_factor": 0.5306008268533707,
  "sharpe_ratio": -23.264188169417945,
  "total_profit_abs": -71.02564296999999,
  "total_profit_pct": -88.78205371249999,
  "total_trades": 2214,
  "win_rate": 0.26287262872628725,
  "worst_pair": "ETH/USDT",
  "worst_trade_profit_pct": 0.0
}