{
  "best_pair": "XRP/USDT",
  "best_trade_profit_pct": 0.0,
  "final_balance": 110.48146949999996,
  "max_drawdown_pct": 26.973071980000025,
  "profit_factor": 0.7651746010368633,
  "sharpe_ratio": -3.0808612710364676,
  "total_profit_abs": -39.51853050000001,
  "total_profit_pct": -26.345687000000005,
  "total_trades": 704,
  "win_rate": 0.3025568181818182,
  "worst_pair": "HOME/USDT",
  "worst_trade_profit_pct": 0.0
}