{
  "best_pair": "ETH/USDT",
  "best_trade_profit_pct": 0.0,
  "final_balance": 120.47816664000003,
  "max_drawdown_pct": 42.3780425699532,
  "profit_factor": 0.7610183355326283,
  "sharpe_ratio": -0.3119678273123622,
  "total_profit_abs": -29.52183336,
  "total_profit_pct": -19.68122224,
  "total_trades": 68,
  "win_rate": 0.35294117647058826,
  "worst_pair": "ADA/USDT",
  "worst_trade_profit_pct": 0.0
}