{
  "best_pair": "XRP/USDT",
  "best_trade_profit_pct": 0.0,
  "final_balance": 48.79001047999995,
  "max_drawdown_pct": 68.34458677815265,
  "profit_factor": 0.6153474770105513,
  "sharpe_ratio": -16.215495298224997,
  "total_profit_abs": -101.20998952,
  "total_profit_pct": -67.47332634666667,
  "total_trades": 1983,
  "win_rate": 0.29046898638426627,
  "worst_pair": "HOME/USDT",
  "worst_trade_profit_pct": 0.0
}