{
  "best_pair": "ETH/USDT",
  "best_trade_profit_pct": 0.0,
  "final_balance": 125.61639613,
  "max_drawdown_pct": 19.500002866666666,
  "profit_factor": 0.37521889310197043,
  "sharpe_ratio": -0.4101455418661414,
  "total_profit_abs": -24.38360387,
  "total_profit_pct": -16.255735913333336,
  "total_trades": 19,
  "win_rate": 0.21052631578947367,
  "worst_pair": "ADA/USDT",
  "worst_trade_profit_pct": 0.0
}