{
  "best_pair": "XRP/USDT",
  "best_trade_profit_pct": 0.0,
  "final_balance": 129.40599174,
  "max_drawdown_pct": 16.976674330989475,
  "profit_factor": 0.8458433471107055,
  "sharpe_ratio": -1.4271151492402447,
  "total_profit_abs": -20.594008260000003,
  "total_profit_pct": -13.729338840000002,
  "total_trades": 487,
  "win_rate": 0.31211498973305957,
  "worst_pair": "HOME/USDT",
  "worst_trade_profit_pct": 0.0
}