{
  "export_time": "2026-04-25T19:39:21.210994+00:00",
  "ft_stratparam_v": 1,
  "params": {
    "buy": {
      "buy_ma_count": 16,
      "buy_ma_gap": 27
    },
    "max_open_trades": {
      "max_open_trades": 2
    },
    "roi": {
      "0": 1.215662817278127,
      "13": 1.627712474472784,
      "146": 0.1372144245031779,
      "38": 0.8785175733978903
    },
    "sell": {
      "sell_ma_count": 10,
      "sell_ma_gap": 32
    },
    "stoploss": {
      "stoploss": -0.30200252344488054
    },
    "trailing": {
      "trailing_only_offset_is_reached": true,
      "trailing_stop": true,
      "trailing_stop_positive": 0.36671719819175586,
      "trailing_stop_positive_offset": 0.6850935454862482
    }
  },
  "strategy_name": "yes"
}