{
  "best_pair": "ETH/USDT",
  "best_trade_profit_pct": 0.0,
  "final_balance": 168.4558722,
  "max_drawdown_pct": 10.03820714006363,
  "profit_factor": 1.5969151365433636,
  "sharpe_ratio": 0.2256570322906601,
  "total_profit_abs": 18.455872199999998,
  "total_profit_pct": 12.3039148,
  "total_trades": 21,
  "win_rate": 0.5714285714285714,
  "worst_pair": "ADA/USDT",
  "worst_trade_profit_pct": 0.0
}