{
  "best_pair": "ADA/USDT",
  "best_trade_profit_pct": 0.0,
  "final_balance": 73.49090536,
  "max_drawdown_pct": 11.638843624013862,
  "profit_factor": 0.5311880788691491,
  "sharpe_ratio": -0.1679867772811703,
  "total_profit_abs": -6.509094640000001,
  "total_profit_pct": -8.1363683,
  "total_trades": 13,
  "win_rate": 0.4615384615384615,
  "worst_pair": "ETH/USDT",
  "worst_trade_profit_pct": 0.0
}