{
  "best_pair": "ADA/USDT",
  "best_trade_profit_pct": 0.0,
  "final_balance": 60.61736004000001,
  "max_drawdown_pct": 29.0640736625,
  "profit_factor": 0.7592159607834442,
  "sharpe_ratio": -2.6994722018651447,
  "total_profit_abs": -19.38263996,
  "total_profit_pct": -24.22829995,
  "total_trades": 502,
  "win_rate": 0.3904382470119522,
  "worst_pair": "ETH/USDT",
  "worst_trade_profit_pct": 0.0
}