{
  "best_pair": "XRP/USDT",
  "best_trade_profit_pct": 0.0,
  "final_balance": 203.84453651,
  "max_drawdown_pct": 12.252523147465851,
  "profit_factor": 2.4446354216414474,
  "sharpe_ratio": 0.5754409143519471,
  "total_profit_abs": 53.84453651,
  "total_profit_pct": 35.89635767333333,
  "total_trades": 27,
  "win_rate": 0.5925925925925926,
  "worst_pair": "HOME/USDT",
  "worst_trade_profit_pct": 0.0
}