{
  "best_pair": "XRP/USDT",
  "best_trade_profit_pct": 0.0,
  "final_balance": 234.50802420999997,
  "max_drawdown_pct": 12.334211152434122,
  "profit_factor": 2.9921559527747297,
  "sharpe_ratio": 1.2790255296478017,
  "total_profit_abs": 84.50802420999999,
  "total_profit_pct": 56.33868280666666,
  "total_trades": 47,
  "win_rate": 0.7659574468085107,
  "worst_pair": "HOME/USDT",
  "worst_trade_profit_pct": 0.0
}