{
  "best_pair": "ETH/USDT",
  "best_trade_profit_pct": 0.0,
  "final_balance": 160.28595122000002,
  "max_drawdown_pct": 22.022124362489865,
  "profit_factor": 1.096853720982811,
  "sharpe_ratio": 0.06746486507213938,
  "total_profit_abs": 10.285951220000007,
  "total_profit_pct": 6.857300813333338,
  "total_trades": 45,
  "win_rate": 0.26666666666666666,
  "worst_pair": "HOME/USDT",
  "worst_trade_profit_pct": 0.0
}