{
  "best_pair": "XRP/USDT",
  "best_trade_profit_pct": 0.0,
  "final_balance": 64.16679730000011,
  "max_drawdown_pct": 57.92170562833802,
  "profit_factor": 0.6262602437438135,
  "sharpe_ratio": -12.33648702188389,
  "total_profit_abs": -85.83320269999999,
  "total_profit_pct": -57.22213513333333,
  "total_trades": 1760,
  "win_rate": 0.26647727272727273,
  "worst_pair": "HOME/USDT",
  "worst_trade_profit_pct": 0.0
}