{
  "buy_params": {
    "buy_ma_count": 2,
    "buy_ma_gap": 6
  },
  "minimal_roi": {
    "0": 1.1150442350700762,
    "13": 1.264804354344741,
    "146": 0.06779922446904586,
    "38": 0.07457156047830577
  },
  "sell_params": {
    "sell_ma_count": 14,
    "sell_ma_gap": 14
  },
  "stoploss": -0.9345674771499015,
  "trailing_only_offset_is_reached": false,
  "trailing_stop": false,
  "trailing_stop_positive": 0.27679877048527723,
  "trailing_stop_positive_offset": 0.05472775898855708
}