{
  "best_pair": "ADA/USDT",
  "best_trade_profit_pct": 0.0,
  "final_balance": 71.37306794,
  "max_drawdown_pct": 10.783665075000002,
  "profit_factor": 0.0007118990518461598,
  "sharpe_ratio": -0.38575156488158285,
  "total_profit_abs": -8.62693206,
  "total_profit_pct": -10.783665075,
  "total_trades": 6,
  "win_rate": 0.16666666666666663,
  "worst_pair": "ETH/USDT",
  "worst_trade_profit_pct": 0.0
}