{
  "best_pair": "ADA/USDT",
  "best_trade_profit_pct": 0.0,
  "final_balance": 68.0109052,
  "max_drawdown_pct": 16.38868522991568,
  "profit_factor": 0.6914977156591312,
  "sharpe_ratio": -1.5093863257557043,
  "total_profit_abs": -11.9890948,
  "total_profit_pct": -14.9863685,
  "total_trades": 214,
  "win_rate": 0.34579439252336447,
  "worst_pair": "ETH/USDT",
  "worst_trade_profit_pct": 0.0
}