{
  "buy_params": {
    "buy_ma_count": 1,
    "buy_ma_gap": 11
  },
  "minimal_roi": {
    "0": 0.212331648539721,
    "13": 0.05124171371229981,
    "146": 0.03407621667027036,
    "38": 0.6856232796552685
  },
  "sell_params": {
    "sell_ma_count": 19,
    "sell_ma_gap": 43
  },
  "stoploss": -0.9893527940607292,
  "trailing_only_offset_is_reached": true,
  "trailing_stop": false,
  "trailing_stop_positive": 0.17868491680513865,
  "trailing_stop_positive_offset": 0.1639139021210242
}