{
  "best_pair": "ADA/USDT",
  "best_trade_profit_pct": 0.0,
  "final_balance": 61.106281309999986,
  "max_drawdown_pct": 24.69899424834595,
  "profit_factor": 0.7917440745923967,
  "sharpe_ratio": -2.524407661526583,
  "total_profit_abs": -18.89371869,
  "total_profit_pct": -23.6171483625,
  "total_trades": 570,
  "win_rate": 0.3789473684210527,
  "worst_pair": "ETH/USDT",
  "worst_trade_profit_pct": 0.0
}