{
  "best_pair": "XRP/USDT",
  "best_trade_profit_pct": 0.0,
  "final_balance": 97.91685131000007,
  "max_drawdown_pct": 35.477736513333284,
  "profit_factor": 0.723504331058704,
  "sharpe_ratio": -4.178221893789016,
  "total_profit_abs": -52.08314869,
  "total_profit_pct": -34.72209912666667,
  "total_trades": 772,
  "win_rate": 0.3018134715025907,
  "worst_pair": "HOME/USDT",
  "worst_trade_profit_pct": 0.0
}