{
  "buy_params": {
    "buy_ma_count": 3,
    "buy_ma_gap": 43
  },
  "minimal_roi": {
    "0": 0.9325337040147831,
    "13": 1.7460075172057157,
    "146": 0.12483996804801106,
    "38": 0.39369890701711696
  },
  "sell_params": {
    "sell_ma_count": 18,
    "sell_ma_gap": 24
  },
  "stoploss": -0.8671662675096735,
  "trailing_only_offset_is_reached": true,
  "trailing_stop": false,
  "trailing_stop_positive": 0.22138183727550226,
  "trailing_stop_positive_offset": 0.32830507125321373
}