{
  "export_time": "2026-04-25T19:24:42.274441+00:00",
  "ft_stratparam_v": 1,
  "params": {
    "buy": {
      "buy_ma_count": 11,
      "buy_ma_gap": 9
    },
    "max_open_trades": {
      "max_open_trades": 2
    },
    "roi": {
      "0": 2.24202353796368,
      "13": 0.6662371777743388,
      "146": 0.4591894522623744,
      "38": 0.11773063581378007
    },
    "sell": {
      "sell_ma_count": 1,
      "sell_ma_gap": 48
    },
    "stoploss": {
      "stoploss": -0.7412838221135211
    },
    "trailing": {
      "trailing_only_offset_is_reached": false,
      "trailing_stop": true,
      "trailing_stop_positive": 0.2703205496231593,
      "trailing_stop_positive_offset": 0.20146250087847534
    }
  },
  "strategy_name": "yes"
}