{
  "best_pair": "ADA/USDT",
  "best_trade_profit_pct": 0.0,
  "final_balance": 83.85382666,
  "max_drawdown_pct": 5.858610180833355,
  "profit_factor": 1.4593243536627412,
  "sharpe_ratio": 0.12156220580712697,
  "total_profit_abs": 3.853826659999999,
  "total_profit_pct": 4.817283324999998,
  "total_trades": 21,
  "win_rate": 0.6666666666666665,
  "worst_pair": "ETH/USDT",
  "worst_trade_profit_pct": 0.0
}