{
  "buy_params": {
    "buy_ma_count": 17,
    "buy_ma_gap": 39
  },
  "minimal_roi": {
    "0": 2.2194162849778456,
    "13": 0.5681990402063006,
    "146": 0.32243418054873946,
    "38": 0.9176209761550385
  },
  "sell_params": {
    "sell_ma_count": 17,
    "sell_ma_gap": 19
  },
  "stoploss": -0.8947936453221916,
  "trailing_only_offset_is_reached": false,
  "trailing_stop": true,
  "trailing_stop_positive": 0.3259960078647219,
  "trailing_stop_positive_offset": 0.15095514764357418
}