{
  "best_pair": "XRP/USDT",
  "best_trade_profit_pct": 0.0,
  "final_balance": 205.49503145,
  "max_drawdown_pct": 7.173386980582089,
  "profit_factor": 4.054355493660297,
  "sharpe_ratio": 0.6197292047955572,
  "total_profit_abs": 55.495031450000006,
  "total_profit_pct": 36.99668763333334,
  "total_trades": 19,
  "win_rate": 0.631578947368421,
  "worst_pair": "HOME/USDT",
  "worst_trade_profit_pct": 0.0
}