{
  "buy_params": {
    "buy_ma_count": 20,
    "buy_ma_gap": 24
  },
  "minimal_roi": {
    "0": 0.6172638924169593,
    "13": 0.7144715884233382,
    "146": 0.2952447174794022,
    "38": 0.6649621980981413
  },
  "sell_params": {
    "sell_ma_count": 17,
    "sell_ma_gap": 44
  },
  "stoploss": -0.43095095245944903,
  "trailing_only_offset_is_reached": true,
  "trailing_stop": true,
  "trailing_stop_positive": 0.43283377231855263,
  "trailing_stop_positive_offset": 0.5664729155543491
}