{
  "best_pair": "XRP/USDT",
  "best_trade_profit_pct": 0.0,
  "final_balance": 118.53094305,
  "max_drawdown_pct": 24.558551654464285,
  "profit_factor": 0.7476564344629133,
  "sharpe_ratio": -2.1935579146543245,
  "total_profit_abs": -31.469056950000002,
  "total_profit_pct": -20.9793713,
  "total_trades": 473,
  "win_rate": 0.28964059196617337,
  "worst_pair": "HOME/USDT",
  "worst_trade_profit_pct": 0.0
}