{
  "best_pair": "XRP/USDT",
  "best_trade_profit_pct": 0.0,
  "final_balance": 193.89979897,
  "max_drawdown_pct": 8.887060485021546,
  "profit_factor": 1.9020983912597145,
  "sharpe_ratio": 0.47610492356931705,
  "total_profit_abs": 43.89979897,
  "total_profit_pct": 29.266532646666665,
  "total_trades": 32,
  "win_rate": 0.53125,
  "worst_pair": "HOME/USDT",
  "worst_trade_profit_pct": 0.0
}