{
  "best_pair": "XRP/USDT",
  "best_trade_profit_pct": 0.0,
  "final_balance": 123.75743248,
  "max_drawdown_pct": 19.845824621772262,
  "profit_factor": 0.793580613618473,
  "sharpe_ratio": -1.8404552311014712,
  "total_profit_abs": -26.242567519999998,
  "total_profit_pct": -17.495045013333332,
  "total_trades": 457,
  "win_rate": 0.3041575492341357,
  "worst_pair": "HOME/USDT",
  "worst_trade_profit_pct": 0.0
}