{
  "best_pair": "XRP/USDT",
  "best_trade_profit_pct": 0.0,
  "final_balance": 129.60001603,
  "max_drawdown_pct": 15.114176146666654,
  "profit_factor": 0.786979731169191,
  "sharpe_ratio": -1.4202930828141944,
  "total_profit_abs": -20.39998397,
  "total_profit_pct": -13.599989313333333,
  "total_trades": 329,
  "win_rate": 0.3495440729483283,
  "worst_pair": "HOME/USDT",
  "worst_trade_profit_pct": 0.0
}