{
  "best_pair": "ADA/USDT",
  "best_trade_profit_pct": 0.0,
  "final_balance": 41.20068092999999,
  "max_drawdown_pct": 51.594293736940564,
  "profit_factor": 0.560487256280152,
  "sharpe_ratio": -9.506731816159508,
  "total_profit_abs": -38.799319069999996,
  "total_profit_pct": -48.499148837499995,
  "total_trades": 846,
  "win_rate": 0.28368794326241137,
  "worst_pair": "ETH/USDT",
  "worst_trade_profit_pct": 0.0
}