{
  "best_pair": "XRP/USDT",
  "best_trade_profit_pct": 0.0,
  "final_balance": 67.99336274000005,
  "max_drawdown_pct": 55.428899713333294,
  "profit_factor": 0.6293787495076015,
  "sharpe_ratio": -10.292556296459086,
  "total_profit_abs": -82.00663725999999,
  "total_profit_pct": -54.671091506666656,
  "total_trades": 1456,
  "win_rate": 0.2760989010989011,
  "worst_pair": "HOME/USDT",
  "worst_trade_profit_pct": 0.0
}