{
  "best_pair": "ADA/USDT",
  "best_trade_profit_pct": 0.0,
  "final_balance": 73.29377334,
  "max_drawdown_pct": 12.270005429438799,
  "profit_factor": 0.8680383716238599,
  "sharpe_ratio": -0.7607889860306047,
  "total_profit_abs": -6.706226659999999,
  "total_profit_pct": -8.382783324999998,
  "total_trades": 277,
  "win_rate": 0.40072202166064985,
  "worst_pair": "ETH/USDT",
  "worst_trade_profit_pct": 0.0
}