{
  "buy_params": {
    "buy_ma_count": 14,
    "buy_ma_gap": 46
  },
  "minimal_roi": {
    "0": 0.28709729025752173,
    "13": 0.5822341089544285,
    "146": 0.8903061811714265,
    "38": 0.2679701903725945
  },
  "sell_params": {
    "sell_ma_count": 3,
    "sell_ma_gap": 3
  },
  "stoploss": -0.3215846269419753,
  "trailing_only_offset_is_reached": true,
  "trailing_stop": false,
  "trailing_stop_positive": 0.7644198232022261,
  "trailing_stop_positive_offset": 0.4385474771402569
}