{
  "best_pair": "XRP/USDT",
  "best_trade_profit_pct": 0.0,
  "final_balance": 214.89014355,
  "max_drawdown_pct": 9.03284753161159,
  "profit_factor": 2.0854041096677793,
  "sharpe_ratio": 1.218766212995385,
  "total_profit_abs": 64.89014355000002,
  "total_profit_pct": 43.260095700000015,
  "total_trades": 74,
  "win_rate": 0.7972972972972973,
  "worst_pair": "HOME/USDT",
  "worst_trade_profit_pct": 0.0
}