{
  "export_time": "2026-04-25T19:27:09.129406+00:00",
  "ft_stratparam_v": 1,
  "params": {
    "buy": {
      "buy_ma_count": 5,
      "buy_ma_gap": 33
    },
    "max_open_trades": {
      "max_open_trades": 2
    },
    "roi": {
      "0": 1.2732185349466019,
      "13": 0.8798545529396902,
      "146": 0.38443013413664884,
      "38": 0.002053435206614551
    },
    "sell": {
      "sell_ma_count": 18,
      "sell_ma_gap": 50
    },
    "stoploss": {
      "stoploss": -0.9188459048987009
    },
    "trailing": {
      "trailing_only_offset_is_reached": true,
      "trailing_stop": false,
      "trailing_stop_positive": 0.2578027979162625,
      "trailing_stop_positive_offset": 0.008809587340929957
    }
  },
  "strategy_name": "yes"
}