{
  "best_pair": "ADA/USDT",
  "best_trade_profit_pct": 0.0,
  "final_balance": 58.62705089000001,
  "max_drawdown_pct": 28.280203715366593,
  "profit_factor": 0.7629201236347845,
  "sharpe_ratio": -2.8653707351794533,
  "total_profit_abs": -21.37294911,
  "total_profit_pct": -26.716186387500002,
  "total_trades": 542,
  "win_rate": 0.3800738007380074,
  "worst_pair": "ETH/USDT",
  "worst_trade_profit_pct": 0.0
}