{
  "best_pair": "XRP/USDT",
  "best_trade_profit_pct": 0.0,
  "final_balance": 46.91341915999989,
  "max_drawdown_pct": 69.25620153262308,
  "profit_factor": 0.617335178521228,
  "sharpe_ratio": -16.841371211160883,
  "total_profit_abs": -103.08658084000001,
  "total_profit_pct": -68.72438722666668,
  "total_trades": 2156,
  "win_rate": 0.2898886827458256,
  "worst_pair": "HOME/USDT",
  "worst_trade_profit_pct": 0.0
}