{
  "buy_params": {
    "buy_ma_count": 2,
    "buy_ma_gap": 18
  },
  "minimal_roi": {
    "0": 0.7543879287383697,
    "13": 1.0584271213992194,
    "146": 0.24121645217035434,
    "38": 0.02506414982744784
  },
  "sell_params": {
    "sell_ma_count": 13,
    "sell_ma_gap": 14
  },
  "stoploss": -0.31484811686304964,
  "trailing_only_offset_is_reached": false,
  "trailing_stop": false,
  "trailing_stop_positive": 0.28686065784572373,
  "trailing_stop_positive_offset": 0.4778394189621936
}