{
  "best_pair": "ETH/USDT",
  "best_trade_profit_pct": 0.0,
  "final_balance": 162.85781283,
  "max_drawdown_pct": 2.5452888400405547,
  "profit_factor": 3.2365376489831155,
  "sharpe_ratio": 0.1613910564337127,
  "total_profit_abs": 12.85781283,
  "total_profit_pct": 8.571875219999999,
  "total_trades": 7,
  "win_rate": 0.5714285714285714,
  "worst_pair": "ADA/USDT",
  "worst_trade_profit_pct": 0.0
}