{
  "best_pair": "ADA/USDT",
  "best_trade_profit_pct": 0.0,
  "final_balance": 55.95330194999998,
  "max_drawdown_pct": 57.50809791274535,
  "profit_factor": 0.7732049640284154,
  "sharpe_ratio": -0.2533270192391289,
  "total_profit_abs": -24.046698049999993,
  "total_profit_pct": -30.05837256249999,
  "total_trades": 84,
  "win_rate": 0.7619047619047619,
  "worst_pair": "ETH/USDT",
  "worst_trade_profit_pct": 0.0
}