{
  "best_pair": "XRP/USDT",
  "best_trade_profit_pct": 0.0,
  "final_balance": 172.67906871,
  "max_drawdown_pct": 2.766446293333331,
  "profit_factor": 5.357060163875416,
  "sharpe_ratio": 0.3281711243093018,
  "total_profit_abs": 22.67906871,
  "total_profit_pct": 15.11937914,
  "total_trades": 12,
  "win_rate": 0.5,
  "worst_pair": "HOME/USDT",
  "worst_trade_profit_pct": 0.0
}