{
  "best_pair": "ADA/USDT",
  "best_trade_profit_pct": 0.0,
  "final_balance": 75.35020937,
  "max_drawdown_pct": 5.812245212500002,
  "profit_factor": 0.0013164144420659313,
  "sharpe_ratio": -0.25057777197991593,
  "total_profit_abs": -4.649790629999999,
  "total_profit_pct": -5.812238287499999,
  "total_trades": 6,
  "win_rate": 0.33333333333333326,
  "worst_pair": "ETH/USDT",
  "worst_trade_profit_pct": 0.0
}