{
  "best_pair": "XRP/USDT",
  "best_trade_profit_pct": 0.0,
  "final_balance": 209.52796135,
  "max_drawdown_pct": 8.572756018052582,
  "profit_factor": 2.690314404291401,
  "sharpe_ratio": 0.6359998942978373,
  "total_profit_abs": 59.52796135,
  "total_profit_pct": 39.685307566666665,
  "total_trades": 32,
  "win_rate": 0.65625,
  "worst_pair": "HOME/USDT",
  "worst_trade_profit_pct": 0.0
}