{
  "best_pair": "XRP/USDT",
  "best_trade_profit_pct": 0.0,
  "final_balance": 111.11554287000004,
  "max_drawdown_pct": 27.438758019713056,
  "profit_factor": 0.7150536264489007,
  "sharpe_ratio": -2.7010207941535938,
  "total_profit_abs": -38.88445713,
  "total_profit_pct": -25.922971420000003,
  "total_trades": 473,
  "win_rate": 0.386892177589852,
  "worst_pair": "HOME/USDT",
  "worst_trade_profit_pct": 0.0
}