{
  "export_time": "2026-04-25T19:36:50.924069+00:00",
  "ft_stratparam_v": 1,
  "params": {
    "buy": {
      "buy_ma_count": 1,
      "buy_ma_gap": 24
    },
    "max_open_trades": {
      "max_open_trades": 2
    },
    "roi": {
      "0": 1.9462309284536294,
      "13": 0.08755656864507719,
      "146": 0.5327359502094489,
      "38": 0.9688561326437795
    },
    "sell": {
      "sell_ma_count": 17,
      "sell_ma_gap": 10
    },
    "stoploss": {
      "stoploss": -0.9527289483757732
    },
    "trailing": {
      "trailing_only_offset_is_reached": false,
      "trailing_stop": true,
      "trailing_stop_positive": 0.20032451017117325,
      "trailing_stop_positive_offset": 0.020798132426275755
    }
  },
  "strategy_name": "yes"
}