{
  "best_pair": "XRP/USDT",
  "best_trade_profit_pct": 0.0,
  "final_balance": 68.88205471000006,
  "max_drawdown_pct": 54.7768460451119,
  "profit_factor": 0.6295454534755631,
  "sharpe_ratio": -12.930984377124691,
  "total_profit_abs": -81.11794529000001,
  "total_profit_pct": -54.078630193333346,
  "total_trades": 1653,
  "win_rate": 0.27828191167574107,
  "worst_pair": "HOME/USDT",
  "worst_trade_profit_pct": 0.0
}