{
  "buy_params": {
    "buy_ma_count": 6,
    "buy_ma_gap": 7
  },
  "minimal_roi": {
    "0": 1.3064348900524274,
    "13": 1.1690912568264142,
    "146": 0.1734714474053801,
    "38": 0.8579017221731028
  },
  "sell_params": {
    "sell_ma_count": 13,
    "sell_ma_gap": 15
  },
  "stoploss": -0.35441023501526114,
  "trailing_only_offset_is_reached": false,
  "trailing_stop": false,
  "trailing_stop_positive": 0.2650745634921474,
  "trailing_stop_positive_offset": 0.020198967883098138
}