{
  "export_time": "2026-04-25T19:48:16.351563+00:00",
  "ft_stratparam_v": 1,
  "params": {
    "buy": {
      "buy_ma_count": 4,
      "buy_ma_gap": 3
    },
    "max_open_trades": {
      "max_open_trades": 2
    },
    "roi": {
      "0": 1.305167338442813,
      "13": 0.6496185546316149,
      "146": 0.021655851222261175,
      "38": 0.13530293185474862
    },
    "sell": {
      "sell_ma_count": 4,
      "sell_ma_gap": 42
    },
    "stoploss": {
      "stoploss": -0.7600409472460737
    },
    "trailing": {
      "trailing_only_offset_is_reached": true,
      "trailing_stop": false,
      "trailing_stop_positive": 0.21134606130066655,
      "trailing_stop_positive_offset": 0.2810736125624963
    }
  },
  "strategy_name": "yes"
}