{
  "export_time": "2026-04-25T18:58:08.209044+00:00",
  "ft_stratparam_v": 1,
  "params": {
    "buy": {
      "buy_ma_count": 3,
      "buy_ma_gap": 14
    },
    "max_open_trades": {
      "max_open_trades": 2
    },
    "roi": {
      "0": 0.16589500050286143,
      "13": 1.721228539960049,
      "146": 0.3563231909059928,
      "38": 0.5264213854287076
    },
    "sell": {
      "sell_ma_count": 16,
      "sell_ma_gap": 29
    },
    "stoploss": {
      "stoploss": -0.4458204300665129
    },
    "trailing": {
      "trailing_only_offset_is_reached": false,
      "trailing_stop": false,
      "trailing_stop_positive": 0.26879976206053013,
      "trailing_stop_positive_offset": 0.01710421246940556
    }
  },
  "strategy_name": "yes"
}