{
  "best_pair": "XRP/USDT",
  "best_trade_profit_pct": 0.0,
  "final_balance": 105.11345753,
  "max_drawdown_pct": 31.075059330917316,
  "profit_factor": 0.7094347946690922,
  "sharpe_ratio": -4.161432739178235,
  "total_profit_abs": -44.886542469999995,
  "total_profit_pct": -29.924361646666664,
  "total_trades": 724,
  "win_rate": 0.2886740331491713,
  "worst_pair": "HOME/USDT",
  "worst_trade_profit_pct": 0.0
}