{
  "best_pair": "ETH/USDT",
  "best_trade_profit_pct": 0.0,
  "final_balance": 204.24381698999997,
  "max_drawdown_pct": 16.566377862768338,
  "profit_factor": 1.317588604515491,
  "sharpe_ratio": 0.4398323574962797,
  "total_profit_abs": 54.24381699000001,
  "total_profit_pct": 36.16254466000001,
  "total_trades": 92,
  "win_rate": 0.358695652173913,
  "worst_pair": "HOME/USDT",
  "worst_trade_profit_pct": 0.0
}