{
  "buy_params": {
    "buy_ma_count": 8,
    "buy_ma_gap": 2
  },
  "minimal_roi": {
    "0": 0.7588160485463413,
    "13": 0.6631255360408145,
    "146": 0.29548035363445635,
    "38": 0.15214559216362566
  },
  "sell_params": {
    "sell_ma_count": 4,
    "sell_ma_gap": 13
  },
  "stoploss": -0.6005429983909293,
  "trailing_only_offset_is_reached": true,
  "trailing_stop": true,
  "trailing_stop_positive": 0.12872573505303578,
  "trailing_stop_positive_offset": 0.24157504864978815
}