{
  "best_pair": "ADA/USDT",
  "best_trade_profit_pct": 0.0,
  "final_balance": 71.93707782,
  "max_drawdown_pct": 10.901275442781918,
  "profit_factor": 0.8607448854120002,
  "sharpe_ratio": -0.9405000922722103,
  "total_profit_abs": -8.062922180000001,
  "total_profit_pct": -10.078652725000001,
  "total_trades": 323,
  "win_rate": 0.393188854489164,
  "worst_pair": "ETH/USDT",
  "worst_trade_profit_pct": 0.0
}