{
  "export_time": "2026-04-25T19:38:27.385935+00:00",
  "ft_stratparam_v": 1,
  "params": {
    "buy": {
      "buy_ma_count": 19,
      "buy_ma_gap": 31
    },
    "max_open_trades": {
      "max_open_trades": 2
    },
    "roi": {
      "0": 1.7324077089136627,
      "13": 0.4611222906480236,
      "146": 0.6791181022337451,
      "38": 0.12117618392897933
    },
    "sell": {
      "sell_ma_count": 11,
      "sell_ma_gap": 2
    },
    "stoploss": {
      "stoploss": -0.7432129636280769
    },
    "trailing": {
      "trailing_only_offset_is_reached": false,
      "trailing_stop": true,
      "trailing_stop_positive": 0.02387729150332329,
      "trailing_stop_positive_offset": 0.5587851644102048
    }
  },
  "strategy_name": "yes"
}