{
  "best_pair": "ADA/USDT",
  "best_trade_profit_pct": 0.0,
  "final_balance": 8.490849990000058,
  "max_drawdown_pct": 89.5160898551603,
  "profit_factor": 0.4113330359835867,
  "sharpe_ratio": -33.06502108658563,
  "total_profit_abs": -71.50915001,
  "total_profit_pct": -89.3864375125,
  "total_trades": 2260,
  "win_rate": 0.24955752212389382,
  "worst_pair": "ETH/USDT",
  "worst_trade_profit_pct": 0.0
}