{
  "export_time": "2026-04-25T18:56:30.546268+00:00",
  "ft_stratparam_v": 1,
  "params": {
    "buy": {
      "buy_ma_count": 14,
      "buy_ma_gap": 19
    },
    "max_open_trades": {
      "max_open_trades": 2
    },
    "roi": {
      "0": 1.6392867219158362,
      "13": 0.10905618620296872,
      "146": 0.5780160049837995,
      "38": 0.8356264856793463
    },
    "sell": {
      "sell_ma_count": 20,
      "sell_ma_gap": 40
    },
    "stoploss": {
      "stoploss": -0.5908481118282987
    },
    "trailing": {
      "trailing_only_offset_is_reached": true,
      "trailing_stop": true,
      "trailing_stop_positive": 0.4386908459767339,
      "trailing_stop_positive_offset": 0.23075160970750322
    }
  },
  "strategy_name": "yes"
}