{
  "export_time": "2026-04-25T18:47:41.994454+00:00",
  "ft_stratparam_v": 1,
  "params": {
    "buy": {
      "buy_ma_count": 16,
      "buy_ma_gap": 29
    },
    "max_open_trades": {
      "max_open_trades": 2
    },
    "roi": {
      "0": 1.562931619711706,
      "13": 1.6255631041306928,
      "146": 0.013114700188860684,
      "38": 0.34098917300322384
    },
    "sell": {
      "sell_ma_count": 14,
      "sell_ma_gap": 40
    },
    "stoploss": {
      "stoploss": -0.4510643730833275
    },
    "trailing": {
      "trailing_only_offset_is_reached": true,
      "trailing_stop": false,
      "trailing_stop_positive": 0.04346373161259617,
      "trailing_stop_positive_offset": 0.10449000940865875
    }
  },
  "strategy_name": "yes"
}