{
  "best_pair": "XRP/USDT",
  "best_trade_profit_pct": 0.0,
  "final_balance": 12.740530250000546,
  "max_drawdown_pct": 91.68114955903991,
  "profit_factor": 0.39531071740020257,
  "sharpe_ratio": -55.191885723477256,
  "total_profit_abs": -137.25946975,
  "total_profit_pct": -91.50631316666666,
  "total_trades": 4081,
  "win_rate": 0.22053418279833376,
  "worst_pair": "HOME/USDT",
  "worst_trade_profit_pct": 0.0
}