{
  "export_time": "2026-04-25T19:47:40.702992+00:00",
  "ft_stratparam_v": 1,
  "params": {
    "buy": {
      "buy_ma_count": 2,
      "buy_ma_gap": 4
    },
    "max_open_trades": {
      "max_open_trades": 2
    },
    "roi": {
      "0": 1.4711475273446575,
      "13": 1.288284525591199,
      "146": 0.019123706752164397,
      "38": 0.04609401273329089
    },
    "sell": {
      "sell_ma_count": 9,
      "sell_ma_gap": 50
    },
    "stoploss": {
      "stoploss": -0.9206299104088513
    },
    "trailing": {
      "trailing_only_offset_is_reached": true,
      "trailing_stop": true,
      "trailing_stop_positive": 0.418292227992048,
      "trailing_stop_positive_offset": 0.2682444936482698
    }
  },
  "strategy_name": "yes"
}