{
  "best_pair": "ADA/USDT",
  "best_trade_profit_pct": 0.0,
  "final_balance": 57.266766399999995,
  "max_drawdown_pct": 28.469797925000016,
  "profit_factor": 0.7313004170934326,
  "sharpe_ratio": -3.052361923655562,
  "total_profit_abs": -22.7332336,
  "total_profit_pct": -28.416542,
  "total_trades": 505,
  "win_rate": 0.4,
  "worst_pair": "ETH/USDT",
  "worst_trade_profit_pct": 0.0
}