{
  "best_pair": "ETH/USDT",
  "best_trade_profit_pct": 0.0,
  "final_balance": 163.44492194,
  "max_drawdown_pct": 11.251055824434589,
  "profit_factor": 1.2496951629651378,
  "sharpe_ratio": 0.12662370857509236,
  "total_profit_abs": 13.44492194,
  "total_profit_pct": 8.963281293333333,
  "total_trades": 26,
  "win_rate": 0.3846153846153847,
  "worst_pair": "HOME/USDT",
  "worst_trade_profit_pct": 0.0
}