{
  "best_pair": "XRP/USDT",
  "best_trade_profit_pct": 0.0,
  "final_balance": 71.21449948999998,
  "max_drawdown_pct": 52.56885842759951,
  "profit_factor": 0.7236362300806457,
  "sharpe_ratio": -6.229982909954332,
  "total_profit_abs": -78.78550050999999,
  "total_profit_pct": -52.52366700666666,
  "total_trades": 1357,
  "win_rate": 0.30287398673544585,
  "worst_pair": "HOME/USDT",
  "worst_trade_profit_pct": 0.0
}