{
  "best_pair": "XRP/USDT",
  "best_trade_profit_pct": 0.0,
  "final_balance": 125.27264925,
  "max_drawdown_pct": 16.793208926666665,
  "profit_factor": 0.7430894560889861,
  "sharpe_ratio": -1.6125834062142959,
  "total_profit_abs": -24.72735075,
  "total_profit_pct": -16.4849005,
  "total_trades": 298,
  "win_rate": 0.3322147651006711,
  "worst_pair": "HOME/USDT",
  "worst_trade_profit_pct": 0.0
}