{
  "buy_params": {
    "buy_ma_count": 17,
    "buy_ma_gap": 15
  },
  "minimal_roi": {
    "0": 1.0442421375899502,
    "13": 1.6080158111913745,
    "146": 0.3531420471453277,
    "38": 0.5166896925029596
  },
  "sell_params": {
    "sell_ma_count": 18,
    "sell_ma_gap": 50
  },
  "stoploss": -0.7326328871073229,
  "trailing_only_offset_is_reached": true,
  "trailing_stop": false,
  "trailing_stop_positive": 0.4965263082925997,
  "trailing_stop_positive_offset": 0.06171758869142735
}