{
  "best_pair": "ADA/USDT",
  "best_trade_profit_pct": 0.0,
  "final_balance": 80.19317067,
  "max_drawdown_pct": 3.6636923703648328,
  "profit_factor": 1.0634945464037258,
  "sharpe_ratio": 0.004148859414862664,
  "total_profit_abs": 0.19317067000000004,
  "total_profit_pct": 0.24146333750000004,
  "total_trades": 3,
  "win_rate": 0.6666666666666665,
  "worst_pair": "ETH/USDT",
  "worst_trade_profit_pct": 0.0
}