{
  "best_pair": "ADA/USDT",
  "best_trade_profit_pct": 0.0,
  "final_balance": 70.25933606,
  "max_drawdown_pct": 14.301327186904311,
  "profit_factor": 0.8693022562228254,
  "sharpe_ratio": -1.2183630394758038,
  "total_profit_abs": -9.74066394,
  "total_profit_pct": -12.175829924999999,
  "total_trades": 449,
  "win_rate": 0.3741648106904232,
  "worst_pair": "ETH/USDT",
  "worst_trade_profit_pct": 0.0
}