{
  "best_pair": "XRP/USDT",
  "best_trade_profit_pct": 0.0,
  "final_balance": 117.83477553000006,
  "max_drawdown_pct": 22.13129376666663,
  "profit_factor": 0.7533967698231738,
  "sharpe_ratio": -2.4216827321960905,
  "total_profit_abs": -32.16522447,
  "total_profit_pct": -21.44348298,
  "total_trades": 488,
  "win_rate": 0.3094262295081967,
  "worst_pair": "HOME/USDT",
  "worst_trade_profit_pct": 0.0
}