{
  "best_pair": "XRP/USDT",
  "best_trade_profit_pct": 0.0,
  "final_balance": 179.1997864,
  "max_drawdown_pct": 30.4834942464719,
  "profit_factor": 1.2794992516000068,
  "sharpe_ratio": 0.15665112802862924,
  "total_profit_abs": 29.1997864,
  "total_profit_pct": 19.466524266666667,
  "total_trades": 40,
  "win_rate": 0.725,
  "worst_pair": "HOME/USDT",
  "worst_trade_profit_pct": 0.0
}