{
  "buy_params": {
    "buy_ma_count": 2,
    "buy_ma_gap": 4
  },
  "minimal_roi": {
    "0": 1.2045959025676674,
    "13": 0.5587016606324035,
    "146": 0.08582791591891663,
    "38": 0.14526440014066155
  },
  "sell_params": {
    "sell_ma_count": 14,
    "sell_ma_gap": 49
  },
  "stoploss": -0.7227486722221684,
  "trailing_only_offset_is_reached": true,
  "trailing_stop": false,
  "trailing_stop_positive": 0.4279975247380909,
  "trailing_stop_positive_offset": 0.2804894654552972
}