{
  "best_pair": "XRP/USDT",
  "best_trade_profit_pct": 0.0,
  "final_balance": 62.63853076000018,
  "max_drawdown_pct": 58.32782385690386,
  "profit_factor": 0.6323228201790709,
  "sharpe_ratio": -11.189614586578541,
  "total_profit_abs": -87.36146923999999,
  "total_profit_pct": -58.24097949333332,
  "total_trades": 1476,
  "win_rate": 0.2757452574525745,
  "worst_pair": "HOME/USDT",
  "worst_trade_profit_pct": 0.0
}