{
  "best_pair": "XRP/USDT",
  "best_trade_profit_pct": 0.0,
  "final_balance": 170.00222342,
  "max_drawdown_pct": 11.432021730587868,
  "profit_factor": 1.430023434942638,
  "sharpe_ratio": 0.24116324334685557,
  "total_profit_abs": 20.002223420000004,
  "total_profit_pct": 13.334815613333337,
  "total_trades": 37,
  "win_rate": 0.3783783783783784,
  "worst_pair": "HOME/USDT",
  "worst_trade_profit_pct": 0.0
}