{
  "best_pair": "ADA/USDT",
  "best_trade_profit_pct": 0.0,
  "final_balance": 74.4382029,
  "max_drawdown_pct": 9.953095695715824,
  "profit_factor": 0.8976605327454555,
  "sharpe_ratio": -0.659737563584393,
  "total_profit_abs": -5.5617971000000015,
  "total_profit_pct": -6.952246375000001,
  "total_trades": 312,
  "win_rate": 0.375,
  "worst_pair": "ETH/USDT",
  "worst_trade_profit_pct": 0.0
}