{
  "best_pair": "ADA/USDT",
  "best_trade_profit_pct": 0.0,
  "final_balance": 75.12421093,
  "max_drawdown_pct": 10.376317787471177,
  "profit_factor": 0.9000295863100497,
  "sharpe_ratio": -0.5175007276199626,
  "total_profit_abs": -4.87578907,
  "total_profit_pct": -6.0947363375,
  "total_trades": 255,
  "win_rate": 0.43137254901960786,
  "worst_pair": "ETH/USDT",
  "worst_trade_profit_pct": 0.0
}