{
  "best_pair": "ADA/USDT",
  "best_trade_profit_pct": 0.0,
  "final_balance": 97.24185835,
  "max_drawdown_pct": 13.7795458759223,
  "profit_factor": 1.8353102913733557,
  "sharpe_ratio": 0.284280628866025,
  "total_profit_abs": 17.241858350000005,
  "total_profit_pct": 21.55232293750001,
  "total_trades": 29,
  "win_rate": 0.6896551724137931,
  "worst_pair": "ETH/USDT",
  "worst_trade_profit_pct": 0.0
}