{
  "best_pair": "ETH/USDT",
  "best_trade_profit_pct": 0.0,
  "final_balance": 149.7340074,
  "max_drawdown_pct": 1.246657766666658,
  "profit_factor": 0.8577569524359974,
  "sharpe_ratio": -0.010968046625818092,
  "total_profit_abs": -0.2659925999999999,
  "total_profit_pct": -0.17732839999999994,
  "total_trades": 3,
  "win_rate": 0.6666666666666665,
  "worst_pair": "ADA/USDT",
  "worst_trade_profit_pct": 0.0
}