{
  "export_time": "2026-04-25T19:10:58.628631+00:00",
  "ft_stratparam_v": 1,
  "params": {
    "buy": {
      "buy_ma_count": 2,
      "buy_ma_gap": 18
    },
    "max_open_trades": {
      "max_open_trades": 2
    },
    "roi": {
      "0": 0.7543879287383697,
      "13": 1.0584271213992194,
      "146": 0.24121645217035434,
      "38": 0.02506414982744784
    },
    "sell": {
      "sell_ma_count": 13,
      "sell_ma_gap": 14
    },
    "stoploss": {
      "stoploss": -0.31484811686304964
    },
    "trailing": {
      "trailing_only_offset_is_reached": false,
      "trailing_stop": false,
      "trailing_stop_positive": 0.28686065784572373,
      "trailing_stop_positive_offset": 0.4778394189621936
    }
  },
  "strategy_name": "yes"
}