{
  "best_pair": "XRP/USDT",
  "best_trade_profit_pct": 0.0,
  "final_balance": 228.82463596,
  "max_drawdown_pct": 10.79327671529835,
  "profit_factor": 2.9692392879987395,
  "sharpe_ratio": 1.2465276087773713,
  "total_profit_abs": 78.82463596000001,
  "total_profit_pct": 52.54975730666668,
  "total_trades": 46,
  "win_rate": 0.826086956521739,
  "worst_pair": "HOME/USDT",
  "worst_trade_profit_pct": 0.0
}