{
  "best_pair": "XRP/USDT",
  "best_trade_profit_pct": 0.0,
  "final_balance": 225.09546950000004,
  "max_drawdown_pct": 12.692399419898127,
  "profit_factor": 2.4712748317814053,
  "sharpe_ratio": 0.7811616733122603,
  "total_profit_abs": 75.0954695,
  "total_profit_pct": 50.06364633333333,
  "total_trades": 35,
  "win_rate": 0.5714285714285714,
  "worst_pair": "HOME/USDT",
  "worst_trade_profit_pct": 0.0
}