{
  "best_pair": "XRP/USDT",
  "best_trade_profit_pct": 0.0,
  "final_balance": 172.13254555,
  "max_drawdown_pct": 7.36843912391241,
  "profit_factor": 2.3905251199920814,
  "sharpe_ratio": 0.13521146519099847,
  "total_profit_abs": 22.132545550000003,
  "total_profit_pct": 14.755030366666668,
  "total_trades": 10,
  "win_rate": 0.6,
  "worst_pair": "HOME/USDT",
  "worst_trade_profit_pct": 0.0
}