{
  "best_pair": "ETH/USDT",
  "best_trade_profit_pct": 0.0,
  "final_balance": 163.56884717,
  "max_drawdown_pct": 10.58990701269419,
  "profit_factor": 1.2540323474947668,
  "sharpe_ratio": 0.14543703019599435,
  "total_profit_abs": 13.568847169999998,
  "total_profit_pct": 9.045898113333333,
  "total_trades": 36,
  "win_rate": 0.41666666666666674,
  "worst_pair": "HOME/USDT",
  "worst_trade_profit_pct": 0.0
}