{
  "best_pair": "XRP/USDT",
  "best_trade_profit_pct": 0.0,
  "final_balance": 209.79348478999998,
  "max_drawdown_pct": 10.089613274717504,
  "profit_factor": 2.0047399101891195,
  "sharpe_ratio": 1.3149479297122517,
  "total_profit_abs": 59.79348479,
  "total_profit_pct": 39.86232319333333,
  "total_trades": 89,
  "win_rate": 0.8539325842696628,
  "worst_pair": "HOME/USDT",
  "worst_trade_profit_pct": 0.0
}