{
  "buy_params": {
    "buy_ma_count": 3,
    "buy_ma_gap": 6
  },
  "minimal_roi": {
    "0": 1.3136703566242536,
    "13": 1.0784681521003077,
    "146": 0.02556554902681131,
    "38": 0.09498138538489151
  },
  "sell_params": {
    "sell_ma_count": 11,
    "sell_ma_gap": 48
  },
  "stoploss": -0.9176191745328766,
  "trailing_only_offset_is_reached": true,
  "trailing_stop": false,
  "trailing_stop_positive": 0.45078921960231544,
  "trailing_stop_positive_offset": 0.28952924066354285
}