{
  "best_pair": "ADA/USDT",
  "best_trade_profit_pct": 0.0,
  "final_balance": 65.54044114,
  "max_drawdown_pct": 21.31391230716522,
  "profit_factor": 0.7805587391625416,
  "sharpe_ratio": -2.1142234186573887,
  "total_profit_abs": -14.459558860000001,
  "total_profit_pct": -18.074448575,
  "total_trades": 452,
  "win_rate": 0.3584070796460177,
  "worst_pair": "ETH/USDT",
  "worst_trade_profit_pct": 0.0
}