{
  "best_pair": "XRP/USDT",
  "best_trade_profit_pct": 0.0,
  "final_balance": 118.60815988999995,
  "max_drawdown_pct": 21.93152229333337,
  "profit_factor": 0.7643435378409076,
  "sharpe_ratio": -2.332647563725412,
  "total_profit_abs": -31.391840109999997,
  "total_profit_pct": -20.927893406666666,
  "total_trades": 520,
  "win_rate": 0.29423076923076924,
  "worst_pair": "HOME/USDT",
  "worst_trade_profit_pct": 0.0
}