{
  "best_pair": "XRP/USDT",
  "best_trade_profit_pct": 0.0,
  "final_balance": 202.91911913,
  "max_drawdown_pct": 5.702561682179982,
  "profit_factor": 2.730238651231855,
  "sharpe_ratio": 0.4806059649212498,
  "total_profit_abs": 52.919119130000006,
  "total_profit_pct": 35.27941275333334,
  "total_trades": 27,
  "win_rate": 0.4074074074074074,
  "worst_pair": "HOME/USDT",
  "worst_trade_profit_pct": 0.0
}