{
  "best_pair": "XRP/USDT",
  "best_trade_profit_pct": 0.0,
  "final_balance": 191.48831623,
  "max_drawdown_pct": 13.268469857049825,
  "profit_factor": 2.144428738757637,
  "sharpe_ratio": 0.5354555463243681,
  "total_profit_abs": 41.48831623000002,
  "total_profit_pct": 27.65887748666668,
  "total_trades": 29,
  "win_rate": 0.6206896551724138,
  "worst_pair": "HOME/USDT",
  "worst_trade_profit_pct": 0.0
}