{
  "buy_params": {
    "buy_ma_count": 4,
    "buy_ma_gap": 10
  },
  "minimal_roi": {
    "0": 0.9837662720859277,
    "13": 0.7947424019230318,
    "146": 0.09328604477366298,
    "38": 0.10733161302765559
  },
  "sell_params": {
    "sell_ma_count": 14,
    "sell_ma_gap": 47
  },
  "stoploss": -0.8529998967227106,
  "trailing_only_offset_is_reached": true,
  "trailing_stop": false,
  "trailing_stop_positive": 0.43292460932172955,
  "trailing_stop_positive_offset": 0.3223838499252426
}