{
  "best_pair": "XRP/USDT",
  "best_trade_profit_pct": 0.0,
  "final_balance": 98.25063209999999,
  "max_drawdown_pct": 35.33192395873702,
  "profit_factor": 0.6986913224376012,
  "sharpe_ratio": -5.475153404148959,
  "total_profit_abs": -51.74936790000001,
  "total_profit_pct": -34.49957860000001,
  "total_trades": 923,
  "win_rate": 0.2914409534127844,
  "worst_pair": "HOME/USDT",
  "worst_trade_profit_pct": 0.0
}