{
  "best_pair": "XRP/USDT",
  "best_trade_profit_pct": 0.0,
  "final_balance": 185.49817466000002,
  "max_drawdown_pct": 7.9139629268705365,
  "profit_factor": 2.0923602171693867,
  "sharpe_ratio": 0.3263562393720783,
  "total_profit_abs": 35.498174660000004,
  "total_profit_pct": 23.665449773333336,
  "total_trades": 21,
  "win_rate": 0.4761904761904761,
  "worst_pair": "HOME/USDT",
  "worst_trade_profit_pct": 0.0
}