{
  "best_pair": "XRP/USDT",
  "best_trade_profit_pct": 0.0,
  "final_balance": 126.01373807,
  "max_drawdown_pct": 16.924885739999997,
  "profit_factor": 0.7974583228761724,
  "sharpe_ratio": -1.621973236457943,
  "total_profit_abs": -23.986261930000005,
  "total_profit_pct": -15.99084128666667,
  "total_trades": 406,
  "win_rate": 0.3226600985221675,
  "worst_pair": "HOME/USDT",
  "worst_trade_profit_pct": 0.0
}