{
  "export_time": "2026-04-25T19:31:26.159913+00:00",
  "ft_stratparam_v": 1,
  "params": {
    "buy": {
      "buy_ma_count": 1,
      "buy_ma_gap": 16
    },
    "max_open_trades": {
      "max_open_trades": 2
    },
    "roi": {
      "0": 1.5630395551883562,
      "13": 0.282373605362981,
      "146": 0.003934668548002481,
      "38": 0.5374570026878827
    },
    "sell": {
      "sell_ma_count": 17,
      "sell_ma_gap": 48
    },
    "stoploss": {
      "stoploss": -0.9272584747060499
    },
    "trailing": {
      "trailing_only_offset_is_reached": true,
      "trailing_stop": false,
      "trailing_stop_positive": 0.23436351870836397,
      "trailing_stop_positive_offset": 0.002336885700867099
    }
  },
  "strategy_name": "yes"
}