{
  "best_pair": "XRP/USDT",
  "best_trade_profit_pct": 0.0,
  "final_balance": 216.31403342,
  "max_drawdown_pct": 6.076966711559118,
  "profit_factor": 2.7089914100958623,
  "sharpe_ratio": 0.5655994556236662,
  "total_profit_abs": 66.31403342,
  "total_profit_pct": 44.20935561333334,
  "total_trades": 30,
  "win_rate": 0.5333333333333333,
  "worst_pair": "HOME/USDT",
  "worst_trade_profit_pct": 0.0
}