{
  "best_pair": "XRP/USDT",
  "best_trade_profit_pct": 0.0,
  "final_balance": 91.23763656999992,
  "max_drawdown_pct": 41.16651748116717,
  "profit_factor": 0.7183733477968792,
  "sharpe_ratio": -6.862370543496958,
  "total_profit_abs": -58.76236343000001,
  "total_profit_pct": -39.174908953333336,
  "total_trades": 1209,
  "win_rate": 0.29528535980148884,
  "worst_pair": "HOME/USDT",
  "worst_trade_profit_pct": 0.0
}