{
  "best_pair": "XRP/USDT",
  "best_trade_profit_pct": 0.0,
  "final_balance": 18.81616706999972,
  "max_drawdown_pct": 87.59525043233492,
  "profit_factor": 0.4275731835283,
  "sharpe_ratio": -42.405186577297854,
  "total_profit_abs": -131.18383293,
  "total_profit_pct": -87.45588862,
  "total_trades": 3483,
  "win_rate": 0.224519092736147,
  "worst_pair": "HOME/USDT",
  "worst_trade_profit_pct": 0.0
}