{
  "best_pair": "XRP/USDT",
  "best_trade_profit_pct": 0.0,
  "final_balance": 227.88759876,
  "max_drawdown_pct": 9.905536438617071,
  "profit_factor": 2.508113244549777,
  "sharpe_ratio": 1.1969455788488037,
  "total_profit_abs": 77.88759876,
  "total_profit_pct": 51.92506584000001,
  "total_trades": 52,
  "win_rate": 0.7307692307692306,
  "worst_pair": "HOME/USDT",
  "worst_trade_profit_pct": 0.0
}