{
  "best_pair": "XRP/USDT",
  "best_trade_profit_pct": 0.0,
  "final_balance": 124.07283568,
  "max_drawdown_pct": 19.082832091737657,
  "profit_factor": 0.800822423346687,
  "sharpe_ratio": -1.8214783006013147,
  "total_profit_abs": -25.927164320000003,
  "total_profit_pct": -17.284776213333338,
  "total_trades": 477,
  "win_rate": 0.32075471698113206,
  "worst_pair": "HOME/USDT",
  "worst_trade_profit_pct": 0.0
}