{
  "buy_params": {
    "buy_ma_count": 16,
    "buy_ma_gap": 28
  },
  "minimal_roi": {
    "0": 1.1489124107053836,
    "13": 1.9869334343502167,
    "146": 0.6157252089879721,
    "38": 0.2867556600383384
  },
  "sell_params": {
    "sell_ma_count": 16,
    "sell_ma_gap": 45
  },
  "stoploss": -0.5381893191167214,
  "trailing_only_offset_is_reached": true,
  "trailing_stop": false,
  "trailing_stop_positive": 0.12917361681728456,
  "trailing_stop_positive_offset": 0.03496389262506322
}