{
  "best_pair": "XRP/USDT",
  "best_trade_profit_pct": 0.0,
  "final_balance": 12.751889920000423,
  "max_drawdown_pct": 91.51662627238085,
  "profit_factor": 0.2699649948761757,
  "sharpe_ratio": -76.75693994796704,
  "total_profit_abs": -137.24811008,
  "total_profit_pct": -91.49874005333334,
  "total_trades": 3682,
  "win_rate": 0.19907658881042914,
  "worst_pair": "HOME/USDT",
  "worst_trade_profit_pct": 0.0
}