{
  "best_pair": "ADA/USDT",
  "best_trade_profit_pct": 0.0,
  "final_balance": 78.45647053,
  "max_drawdown_pct": 3.317117957509102,
  "profit_factor": 0.6580115560286343,
  "sharpe_ratio": -0.04800075871185194,
  "total_profit_abs": -1.5435294699999997,
  "total_profit_pct": -1.9294118374999996,
  "total_trades": 6,
  "win_rate": 0.16666666666666663,
  "worst_pair": "ETH/USDT",
  "worst_trade_profit_pct": 0.0
}