{
  "best_pair": "ADA/USDT",
  "best_trade_profit_pct": 0.0,
  "final_balance": 73.24179446,
  "max_drawdown_pct": 22.762540721442925,
  "profit_factor": 0.712751991123788,
  "sharpe_ratio": -0.15197912887712026,
  "total_profit_abs": -6.7582055400000005,
  "total_profit_pct": -8.447756925,
  "total_trades": 22,
  "win_rate": 0.45454545454545453,
  "worst_pair": "ETH/USDT",
  "worst_trade_profit_pct": 0.0
}