{
  "best_pair": "XRP/USDT",
  "best_trade_profit_pct": 0.0,
  "final_balance": 241.14952373,
  "max_drawdown_pct": 8.55957642874332,
  "profit_factor": 2.8853212821058873,
  "sharpe_ratio": 0.699163237236074,
  "total_profit_abs": 91.14952373,
  "total_profit_pct": 60.76634915333333,
  "total_trades": 29,
  "win_rate": 0.5862068965517241,
  "worst_pair": "HOME/USDT",
  "worst_trade_profit_pct": 0.0
}