{
  "buy_params": {
    "buy_ma_count": 2,
    "buy_ma_gap": 6
  },
  "minimal_roi": {
    "0": 0.8694846490908241,
    "13": 0.9146162185432741,
    "146": 0.1749403446127541,
    "38": 0.24362732801733997
  },
  "sell_params": {
    "sell_ma_count": 12,
    "sell_ma_gap": 45
  },
  "stoploss": -0.9256433971802872,
  "trailing_only_offset_is_reached": true,
  "trailing_stop": false,
  "trailing_stop_positive": 0.11914040620932437,
  "trailing_stop_positive_offset": 0.18312072100329035
}