{
  "best_pair": "XRP/USDT",
  "best_trade_profit_pct": 0.0,
  "final_balance": 84.59294302000008,
  "max_drawdown_pct": 43.89915897333328,
  "profit_factor": 0.6146997537259956,
  "sharpe_ratio": -6.94442818103849,
  "total_profit_abs": -65.40705698,
  "total_profit_pct": -43.60470465333333,
  "total_trades": 862,
  "win_rate": 0.4245939675174014,
  "worst_pair": "HOME/USDT",
  "worst_trade_profit_pct": 0.0
}