{
  "best_pair": "ADA/USDT",
  "best_trade_profit_pct": 0.0,
  "final_balance": 64.67861833999999,
  "max_drawdown_pct": 20.142276487760874,
  "profit_factor": 0.804085089305693,
  "sharpe_ratio": -1.9204485566701874,
  "total_profit_abs": -15.32138166,
  "total_profit_pct": -19.151727075,
  "total_trades": 453,
  "win_rate": 0.3841059602649007,
  "worst_pair": "ETH/USDT",
  "worst_trade_profit_pct": 0.0
}