{
  "best_pair": "ADA/USDT",
  "best_trade_profit_pct": 0.0,
  "final_balance": 83.87174058,
  "max_drawdown_pct": 8.36722972770322,
  "profit_factor": 1.3632182551407186,
  "sharpe_ratio": 0.10882258604042484,
  "total_profit_abs": 3.871740579999999,
  "total_profit_pct": 4.839675724999999,
  "total_trades": 23,
  "win_rate": 0.5217391304347826,
  "worst_pair": "ETH/USDT",
  "worst_trade_profit_pct": 0.0
}