{
  "best_pair": "XRP/USDT",
  "best_trade_profit_pct": 0.0,
  "final_balance": 87.09338048000004,
  "max_drawdown_pct": 43.064024726666645,
  "profit_factor": 0.7116809704182684,
  "sharpe_ratio": -6.812328204976224,
  "total_profit_abs": -62.90661952,
  "total_profit_pct": -41.937746346666664,
  "total_trades": 1203,
  "win_rate": 0.3034081463009144,
  "worst_pair": "HOME/USDT",
  "worst_trade_profit_pct": 0.0
}