{
  "buy_params": {
    "buy_ma_count": 8,
    "buy_ma_gap": 30
  },
  "minimal_roi": {
    "0": 0.5770464578198986,
    "13": 1.783059068856131,
    "146": 0.5774002804764041,
    "38": 0.8989238344145839
  },
  "sell_params": {
    "sell_ma_count": 14,
    "sell_ma_gap": 21
  },
  "stoploss": -0.9547518920277025,
  "trailing_only_offset_is_reached": false,
  "trailing_stop": true,
  "trailing_stop_positive": 0.4208098999070284,
  "trailing_stop_positive_offset": 0.6893934834536836
}