{
  "export_time": "2026-04-25T19:25:24.102980+00:00",
  "ft_stratparam_v": 1,
  "params": {
    "buy": {
      "buy_ma_count": 20,
      "buy_ma_gap": 27
    },
    "max_open_trades": {
      "max_open_trades": 2
    },
    "roi": {
      "0": 1.6835973078786965,
      "13": 0.7469301840450613,
      "146": 0.14478167937226583,
      "38": 0.7335884789433067
    },
    "sell": {
      "sell_ma_count": 18,
      "sell_ma_gap": 35
    },
    "stoploss": {
      "stoploss": -0.722743039317167
    },
    "trailing": {
      "trailing_only_offset_is_reached": true,
      "trailing_stop": false,
      "trailing_stop_positive": 0.11169377486089022,
      "trailing_stop_positive_offset": 0.33335974738163726
    }
  },
  "strategy_name": "yes"
}