{
  "best_pair": "XRP/USDT",
  "best_trade_profit_pct": 0.0,
  "final_balance": 186.20587569,
  "max_drawdown_pct": 9.842417929583426,
  "profit_factor": 1.5888226074478888,
  "sharpe_ratio": 0.7188534786512459,
  "total_profit_abs": 36.20587568999999,
  "total_profit_pct": 24.137250459999997,
  "total_trades": 70,
  "win_rate": 0.7857142857142857,
  "worst_pair": "HOME/USDT",
  "worst_trade_profit_pct": 0.0
}