{
  "best_pair": "XRP/USDT",
  "best_trade_profit_pct": 0.0,
  "final_balance": 108.72436926999995,
  "max_drawdown_pct": 30.171776867124343,
  "profit_factor": 0.7282478029369603,
  "sharpe_ratio": -3.8167197286629992,
  "total_profit_abs": -41.27563073,
  "total_profit_pct": -27.517087153333335,
  "total_trades": 720,
  "win_rate": 0.30416666666666664,
  "worst_pair": "HOME/USDT",
  "worst_trade_profit_pct": 0.0
}