{
  "best_pair": "XRP/USDT",
  "best_trade_profit_pct": 0.0,
  "final_balance": 112.10613962999992,
  "max_drawdown_pct": 26.580400613008326,
  "profit_factor": 0.7604279059053762,
  "sharpe_ratio": -2.88742559074494,
  "total_profit_abs": -37.893860370000006,
  "total_profit_pct": -25.26257358,
  "total_trades": 618,
  "win_rate": 0.2928802588996764,
  "worst_pair": "HOME/USDT",
  "worst_trade_profit_pct": 0.0
}