{
  "best_pair": "XRP/USDT",
  "best_trade_profit_pct": 0.0,
  "final_balance": 102.75830353999993,
  "max_drawdown_pct": 35.76482046859599,
  "profit_factor": 0.7934730364750038,
  "sharpe_ratio": -3.168573612903848,
  "total_profit_abs": -47.24169646,
  "total_profit_pct": -31.494464306666664,
  "total_trades": 861,
  "win_rate": 0.3042973286875726,
  "worst_pair": "HOME/USDT",
  "worst_trade_profit_pct": 0.0
}