{
  "buy_params": {
    "buy_ma_count": 8,
    "buy_ma_gap": 48
  },
  "minimal_roi": {
    "0": 1.7263767527855416,
    "13": 1.1723617938204083,
    "146": 0.3726120206011668,
    "38": 0.10887475232713106
  },
  "sell_params": {
    "sell_ma_count": 4,
    "sell_ma_gap": 19
  },
  "stoploss": -0.3078324934726735,
  "trailing_only_offset_is_reached": false,
  "trailing_stop": false,
  "trailing_stop_positive": 0.4387370112979198,
  "trailing_stop_positive_offset": 0.4190450737047677
}