{
  "best_pair": "XRP/USDT",
  "best_trade_profit_pct": 0.0,
  "final_balance": 150.25808745,
  "max_drawdown_pct": 1.912766739999995,
  "profit_factor": 1.089952578326409,
  "sharpe_ratio": 0.006554530374801588,
  "total_profit_abs": 0.2580874499999999,
  "total_profit_pct": 0.17205829999999991,
  "total_trades": 3,
  "win_rate": 0.6666666666666665,
  "worst_pair": "HOME/USDT",
  "worst_trade_profit_pct": 0.0
}