{
  "best_pair": "ETH/USDT",
  "best_trade_profit_pct": 0.0,
  "final_balance": 170.32744669,
  "max_drawdown_pct": 14.816519811018033,
  "profit_factor": 1.333083726264031,
  "sharpe_ratio": 0.13743569604645525,
  "total_profit_abs": 20.327446689999995,
  "total_profit_pct": 13.551631126666663,
  "total_trades": 27,
  "win_rate": 0.4074074074074074,
  "worst_pair": "HOME/USDT",
  "worst_trade_profit_pct": 0.0
}