{
  "best_pair": "ADA/USDT",
  "best_trade_profit_pct": 0.0,
  "final_balance": 88.2015647,
  "max_drawdown_pct": 11.917502952834095,
  "profit_factor": 1.5594258574944433,
  "sharpe_ratio": 0.13736108102977196,
  "total_profit_abs": 8.201564700000004,
  "total_profit_pct": 10.251955875000004,
  "total_trades": 20,
  "win_rate": 0.6,
  "worst_pair": "ETH/USDT",
  "worst_trade_profit_pct": 0.0
}