{
  "export_time": "2026-04-25T19:41:59.056223+00:00",
  "ft_stratparam_v": 1,
  "params": {
    "buy": {
      "buy_ma_count": 3,
      "buy_ma_gap": 8
    },
    "max_open_trades": {
      "max_open_trades": 2
    },
    "roi": {
      "0": 1.2951415950042946,
      "13": 0.757985056240538,
      "146": 0.06160715456370501,
      "38": 0.13847284407551663
    },
    "sell": {
      "sell_ma_count": 13,
      "sell_ma_gap": 48
    },
    "stoploss": {
      "stoploss": -0.8984231342220632
    },
    "trailing": {
      "trailing_only_offset_is_reached": true,
      "trailing_stop": false,
      "trailing_stop_positive": 0.4730828937277821,
      "trailing_stop_positive_offset": 0.2507422386009518
    }
  },
  "strategy_name": "yes"
}