{
  "buy_params": {
    "buy_ma_count": 16,
    "buy_ma_gap": 4
  },
  "minimal_roi": {
    "0": 0.00205916988364907,
    "13": 1.269047950713943,
    "146": 0.11004445260293355,
    "38": 0.3861144131247123
  },
  "sell_params": {
    "sell_ma_count": 16,
    "sell_ma_gap": 31
  },
  "stoploss": -0.4159591688283822,
  "trailing_only_offset_is_reached": true,
  "trailing_stop": true,
  "trailing_stop_positive": 0.41902696174807635,
  "trailing_stop_positive_offset": 0.3789629494229458
}