{
  "best_pair": "XRP/USDT",
  "best_trade_profit_pct": 0.0,
  "final_balance": 123.07906634,
  "max_drawdown_pct": 18.791965913333343,
  "profit_factor": 0.7711217947861495,
  "sharpe_ratio": -1.834933081991538,
  "total_profit_abs": -26.920933660000003,
  "total_profit_pct": -17.94728910666667,
  "total_trades": 404,
  "win_rate": 0.3217821782178218,
  "worst_pair": "HOME/USDT",
  "worst_trade_profit_pct": 0.0
}