{
  "best_pair": "XRP/USDT",
  "best_trade_profit_pct": 0.0,
  "final_balance": 115.57770729999996,
  "max_drawdown_pct": 25.66857468628137,
  "profit_factor": 0.7420893245711859,
  "sharpe_ratio": -2.703037349917087,
  "total_profit_abs": -34.4222927,
  "total_profit_pct": -22.948195133333332,
  "total_trades": 533,
  "win_rate": 0.3151969981238274,
  "worst_pair": "HOME/USDT",
  "worst_trade_profit_pct": 0.0
}