{
  "best_pair": "ADA/USDT",
  "best_trade_profit_pct": 0.0,
  "final_balance": 78.29488321,
  "max_drawdown_pct": 18.4304214499929,
  "profit_factor": 0.9609643509150445,
  "sharpe_ratio": -0.036797789671077615,
  "total_profit_abs": -1.7051167900000004,
  "total_profit_pct": -2.1313959875000004,
  "total_trades": 53,
  "win_rate": 0.49056603773584906,
  "worst_pair": "ETH/USDT",
  "worst_trade_profit_pct": 0.0
}