{
  "best_pair": "XRP/USDT",
  "best_trade_profit_pct": 0.0,
  "final_balance": 202.26458392,
  "max_drawdown_pct": 10.812225473333342,
  "profit_factor": 3.3716962940707695,
  "sharpe_ratio": 0.26153917529915804,
  "total_profit_abs": 52.26458391999999,
  "total_profit_pct": 34.84305594666666,
  "total_trades": 13,
  "win_rate": 0.4615384615384615,
  "worst_pair": "HOME/USDT",
  "worst_trade_profit_pct": 0.0
}