{
  "best_pair": "ETH/USDT",
  "best_trade_profit_pct": 0.0,
  "final_balance": 153.02477981,
  "max_drawdown_pct": 8.715554628093063,
  "profit_factor": 1.1967530792405554,
  "sharpe_ratio": 0.035888790651611394,
  "total_profit_abs": 3.024779809999999,
  "total_profit_pct": 2.0165198733333325,
  "total_trades": 11,
  "win_rate": 0.36363636363636365,
  "worst_pair": "ADA/USDT",
  "worst_trade_profit_pct": 0.0
}