{
  "best_pair": "XRP/USDT",
  "best_trade_profit_pct": 0.0,
  "final_balance": 189.99177941,
  "max_drawdown_pct": 10.021309278496162,
  "profit_factor": 2.0760959898588713,
  "sharpe_ratio": 0.29920941147831775,
  "total_profit_abs": 39.99177941,
  "total_profit_pct": 26.661186273333332,
  "total_trades": 23,
  "win_rate": 0.391304347826087,
  "worst_pair": "HOME/USDT",
  "worst_trade_profit_pct": 0.0
}