{
  "best_pair": "XRP/USDT",
  "best_trade_profit_pct": 0.0,
  "final_balance": 54.12593441000004,
  "max_drawdown_pct": 64.42793679333332,
  "profit_factor": 0.7654362310975044,
  "sharpe_ratio": -8.504771042869148,
  "total_profit_abs": -95.87406559,
  "total_profit_pct": -63.91604372666667,
  "total_trades": 1844,
  "win_rate": 0.3383947939262473,
  "worst_pair": "HOME/USDT",
  "worst_trade_profit_pct": 0.0
}