{
  "best_pair": "XRP/USDT",
  "best_trade_profit_pct": 0.0,
  "final_balance": 233.92014392,
  "max_drawdown_pct": 11.959999621692424,
  "profit_factor": 2.105413011253258,
  "sharpe_ratio": 1.023992578884498,
  "total_profit_abs": 83.92014392,
  "total_profit_pct": 55.946762613333334,
  "total_trades": 56,
  "win_rate": 0.75,
  "worst_pair": "HOME/USDT",
  "worst_trade_profit_pct": 0.0
}