{
  "buy_params": {
    "buy_ma_count": 2,
    "buy_ma_gap": 11
  },
  "minimal_roi": {
    "0": 1.1840588138857484,
    "13": 0.751979733396305,
    "146": 0.06069382946102175,
    "38": 0.16233269006098697
  },
  "sell_params": {
    "sell_ma_count": 13,
    "sell_ma_gap": 50
  },
  "stoploss": -0.9281667158217217,
  "trailing_only_offset_is_reached": true,
  "trailing_stop": false,
  "trailing_stop_positive": 0.4756831183403243,
  "trailing_stop_positive_offset": 0.14577321839142154
}