{
  "best_pair": "XRP/USDT",
  "best_trade_profit_pct": 0.0,
  "final_balance": 245.76510833000003,
  "max_drawdown_pct": 9.635901963844674,
  "profit_factor": 2.4448839038062196,
  "sharpe_ratio": 0.949887471586099,
  "total_profit_abs": 95.76510833,
  "total_profit_pct": 63.843405553333334,
  "total_trades": 45,
  "win_rate": 0.6222222222222222,
  "worst_pair": "HOME/USDT",
  "worst_trade_profit_pct": 0.0
}