{
  "export_time": "2026-04-25T19:43:00.272806+00:00",
  "ft_stratparam_v": 1,
  "params": {
    "buy": {
      "buy_ma_count": 3,
      "buy_ma_gap": 10
    },
    "max_open_trades": {
      "max_open_trades": 2
    },
    "roi": {
      "0": 1.2026082179831479,
      "13": 0.8877342842065159,
      "146": 0.048486383296615095,
      "38": 0.011510424548417358
    },
    "sell": {
      "sell_ma_count": 12,
      "sell_ma_gap": 47
    },
    "stoploss": {
      "stoploss": -0.9852567942230779
    },
    "trailing": {
      "trailing_only_offset_is_reached": true,
      "trailing_stop": false,
      "trailing_stop_positive": 0.4391449262188588,
      "trailing_stop_positive_offset": 0.31611305487052366
    }
  },
  "strategy_name": "yes"
}