{
  "best_pair": "ADA/USDT",
  "best_trade_profit_pct": 0.0,
  "final_balance": 74.94091849,
  "max_drawdown_pct": 10.949528213924683,
  "profit_factor": 0.8986200838024787,
  "sharpe_ratio": -0.5696683140396817,
  "total_profit_abs": -5.05908151,
  "total_profit_pct": -6.323851887500001,
  "total_trades": 276,
  "win_rate": 0.40942028985507245,
  "worst_pair": "ETH/USDT",
  "worst_trade_profit_pct": 0.0
}