{
  "best_pair": "XRP/USDT",
  "best_trade_profit_pct": 0.0,
  "final_balance": 122.43205506,
  "max_drawdown_pct": 22.80750377402031,
  "profit_factor": 0.7580075500675097,
  "sharpe_ratio": -1.7515704449314684,
  "total_profit_abs": -27.567944939999997,
  "total_profit_pct": -18.378629959999998,
  "total_trades": 369,
  "win_rate": 0.3170731707317073,
  "worst_pair": "HOME/USDT",
  "worst_trade_profit_pct": 0.0
}