{
  "export_time": "2026-04-25T18:49:06.593374+00:00",
  "ft_stratparam_v": 1,
  "params": {
    "buy": {
      "buy_ma_count": 17,
      "buy_ma_gap": 15
    },
    "max_open_trades": {
      "max_open_trades": 2
    },
    "roi": {
      "0": 1.0442421375899502,
      "13": 1.6080158111913745,
      "146": 0.3531420471453277,
      "38": 0.5166896925029596
    },
    "sell": {
      "sell_ma_count": 18,
      "sell_ma_gap": 50
    },
    "stoploss": {
      "stoploss": -0.7326328871073229
    },
    "trailing": {
      "trailing_only_offset_is_reached": true,
      "trailing_stop": false,
      "trailing_stop_positive": 0.4965263082925997,
      "trailing_stop_positive_offset": 0.06171758869142735
    }
  },
  "strategy_name": "yes"
}