{
  "export_time": "2026-04-25T19:38:37.751051+00:00",
  "ft_stratparam_v": 1,
  "params": {
    "buy": {
      "buy_ma_count": 8,
      "buy_ma_gap": 13
    },
    "max_open_trades": {
      "max_open_trades": 2
    },
    "roi": {
      "0": 0.32110690588131185,
      "13": 1.4898564019127418,
      "146": 0.7266661270994739,
      "38": 0.26054224901840817
    },
    "sell": {
      "sell_ma_count": 7,
      "sell_ma_gap": 10
    },
    "stoploss": {
      "stoploss": -0.39608318497666695
    },
    "trailing": {
      "trailing_only_offset_is_reached": false,
      "trailing_stop": false,
      "trailing_stop_positive": 0.07685550101227584,
      "trailing_stop_positive_offset": 0.6288216696978218
    }
  },
  "strategy_name": "yes"
}