{
  "best_pair": "XRP/USDT",
  "best_trade_profit_pct": 0.0,
  "final_balance": 91.04179813999994,
  "max_drawdown_pct": 39.71236432000004,
  "profit_factor": 0.6134497432703736,
  "sharpe_ratio": -6.343359644689531,
  "total_profit_abs": -58.958201859999996,
  "total_profit_pct": -39.305467906666664,
  "total_trades": 808,
  "win_rate": 0.2747524752475248,
  "worst_pair": "HOME/USDT",
  "worst_trade_profit_pct": 0.0
}