{
  "best_pair": "XRP/USDT",
  "best_trade_profit_pct": 0.0,
  "final_balance": 237.52298015,
  "max_drawdown_pct": 4.160710743140036,
  "profit_factor": 4.309320223706,
  "sharpe_ratio": 0.7139885175702784,
  "total_profit_abs": 87.52298015,
  "total_profit_pct": 58.34865343333333,
  "total_trades": 28,
  "win_rate": 0.6428571428571429,
  "worst_pair": "HOME/USDT",
  "worst_trade_profit_pct": 0.0
}