{
  "best_pair": "XRP/USDT",
  "best_trade_profit_pct": 0.0,
  "final_balance": 160.87202147,
  "max_drawdown_pct": 7.303653859999998,
  "profit_factor": 1.4106635058804138,
  "sharpe_ratio": 0.16549714978325325,
  "total_profit_abs": 10.872021469999996,
  "total_profit_pct": 7.248014313333331,
  "total_trades": 25,
  "win_rate": 0.36,
  "worst_pair": "HOME/USDT",
  "worst_trade_profit_pct": 0.0
}