{
  "best_pair": "XRP/USDT",
  "best_trade_profit_pct": 0.0,
  "final_balance": 90.71973385000001,
  "max_drawdown_pct": 41.358632389687656,
  "profit_factor": 0.7361027607012391,
  "sharpe_ratio": -5.105758170328154,
  "total_profit_abs": -59.280266149999996,
  "total_profit_pct": -39.52017743333333,
  "total_trades": 905,
  "win_rate": 0.3259668508287293,
  "worst_pair": "HOME/USDT",
  "worst_trade_profit_pct": 0.0
}