{
  "export_time": "2026-04-25T19:39:14.382851+00:00",
  "ft_stratparam_v": 1,
  "params": {
    "buy": {
      "buy_ma_count": 18,
      "buy_ma_gap": 9
    },
    "max_open_trades": {
      "max_open_trades": 2
    },
    "roi": {
      "0": 0.5583576312226455,
      "13": 1.175972555356752,
      "146": 0.024525029447372337,
      "38": 0.7434330991148774
    },
    "sell": {
      "sell_ma_count": 17,
      "sell_ma_gap": 34
    },
    "stoploss": {
      "stoploss": -0.4619434706011909
    },
    "trailing": {
      "trailing_only_offset_is_reached": false,
      "trailing_stop": false,
      "trailing_stop_positive": 0.3511819110283382,
      "trailing_stop_positive_offset": 0.6422056632375543
    }
  },
  "strategy_name": "yes"
}