{
  "best_pair": "XRP/USDT",
  "best_trade_profit_pct": 0.0,
  "final_balance": 152.45173545,
  "max_drawdown_pct": 5.384577360137899,
  "profit_factor": 1.196666606729821,
  "sharpe_ratio": 0.07068260875116113,
  "total_profit_abs": 2.4517354499999997,
  "total_profit_pct": 1.6344902999999997,
  "total_trades": 17,
  "win_rate": 0.6470588235294117,
  "worst_pair": "HOME/USDT",
  "worst_trade_profit_pct": 0.0
}