{
  "export_time": "2026-04-25T19:06:46.715848+00:00",
  "ft_stratparam_v": 1,
  "params": {
    "buy": {
      "buy_ma_count": 1,
      "buy_ma_gap": 7
    },
    "max_open_trades": {
      "max_open_trades": 2
    },
    "roi": {
      "0": 1.037565969620087,
      "13": 1.20626274444828,
      "146": 0.03555156277479219,
      "38": 0.0592724084966674
    },
    "sell": {
      "sell_ma_count": 13,
      "sell_ma_gap": 9
    },
    "stoploss": {
      "stoploss": -0.8807562461227443
    },
    "trailing": {
      "trailing_only_offset_is_reached": false,
      "trailing_stop": false,
      "trailing_stop_positive": 0.2799762388747169,
      "trailing_stop_positive_offset": 0.0824442990237775
    }
  },
  "strategy_name": "yes"
}