{
  "best_pair": "XRP/USDT",
  "best_trade_profit_pct": 0.0,
  "final_balance": 175.96920633999997,
  "max_drawdown_pct": 8.955325277000595,
  "profit_factor": 1.8845083009381807,
  "sharpe_ratio": 0.7551648011270697,
  "total_profit_abs": 25.96920634,
  "total_profit_pct": 17.312804226666668,
  "total_trades": 56,
  "win_rate": 0.8214285714285714,
  "worst_pair": "HOME/USDT",
  "worst_trade_profit_pct": 0.0
}