{
  "best_pair": "ADA/USDT",
  "best_trade_profit_pct": 0.0,
  "final_balance": 79.29860425,
  "max_drawdown_pct": 16.48576397997933,
  "profit_factor": 0.9638887793778571,
  "sharpe_ratio": -0.013979126109562093,
  "total_profit_abs": -0.7013957499999994,
  "total_profit_pct": -0.8767446874999992,
  "total_trades": 22,
  "win_rate": 0.5,
  "worst_pair": "ETH/USDT",
  "worst_trade_profit_pct": 0.0
}