{
  "best_pair": "ETH/USDT",
  "best_trade_profit_pct": 0.0,
  "final_balance": 86.26687795999999,
  "max_drawdown_pct": 42.48874802666667,
  "profit_factor": 0.05223436217980152,
  "sharpe_ratio": -0.4661139527517829,
  "total_profit_abs": -63.733122040000005,
  "total_profit_pct": -42.48874802666667,
  "total_trades": 8,
  "win_rate": 0.125,
  "worst_pair": "ADA/USDT",
  "worst_trade_profit_pct": 0.0
}