{
  "best_pair": "XRP/USDT",
  "best_trade_profit_pct": 0.0,
  "final_balance": 156.8222671,
  "max_drawdown_pct": 3.0613561437177506,
  "profit_factor": 1.5531647661357553,
  "sharpe_ratio": 0.124709161296906,
  "total_profit_abs": 6.822267100000001,
  "total_profit_pct": 4.548178066666667,
  "total_trades": 18,
  "win_rate": 0.4444444444444444,
  "worst_pair": "HOME/USDT",
  "worst_trade_profit_pct": 0.0
}