{
  "best_pair": "XRP/USDT",
  "best_trade_profit_pct": 0.0,
  "final_balance": 233.50823418,
  "max_drawdown_pct": 11.083754182252846,
  "profit_factor": 2.382143924500815,
  "sharpe_ratio": 1.0533886596156006,
  "total_profit_abs": 83.50823418,
  "total_profit_pct": 55.672156120000004,
  "total_trades": 49,
  "win_rate": 0.7346938775510204,
  "worst_pair": "HOME/USDT",
  "worst_trade_profit_pct": 0.0
}