{
  "export_time": "2026-04-25T19:41:18.266837+00:00",
  "ft_stratparam_v": 1,
  "params": {
    "buy": {
      "buy_ma_count": 6,
      "buy_ma_gap": 3
    },
    "max_open_trades": {
      "max_open_trades": 2
    },
    "roi": {
      "0": 1.389479537194866,
      "13": 0.6759454405192482,
      "146": 0.2566467509611692,
      "38": 0.23355280935533002
    },
    "sell": {
      "sell_ma_count": 14,
      "sell_ma_gap": 37
    },
    "stoploss": {
      "stoploss": -0.8275045437087442
    },
    "trailing": {
      "trailing_only_offset_is_reached": true,
      "trailing_stop": false,
      "trailing_stop_positive": 0.4991712473532749,
      "trailing_stop_positive_offset": 0.20184168929032417
    }
  },
  "strategy_name": "yes"
}