{
  "best_pair": "ETH/USDT",
  "best_trade_profit_pct": 0.0,
  "final_balance": 133.58870061,
  "max_drawdown_pct": 25.194454641959684,
  "profit_factor": 0.8711832257643567,
  "sharpe_ratio": -0.15327550394556058,
  "total_profit_abs": -16.411299389999996,
  "total_profit_pct": -10.940866259999996,
  "total_trades": 53,
  "win_rate": 0.3962264150943396,
  "worst_pair": "HOME/USDT",
  "worst_trade_profit_pct": 0.0
}