{
  "buy_params": {
    "buy_ma_count": 13,
    "buy_ma_gap": 8
  },
  "minimal_roi": {
    "0": 0.7663494674996602,
    "13": 0.13121342679714637,
    "146": 0.18843679435997218,
    "38": 0.14406048666205307
  },
  "sell_params": {
    "sell_ma_count": 3,
    "sell_ma_gap": 26
  },
  "stoploss": -0.44970493117205135,
  "trailing_only_offset_is_reached": true,
  "trailing_stop": false,
  "trailing_stop_positive": 0.17677908646219026,
  "trailing_stop_positive_offset": 0.43018253761354597
}