{
  "best_pair": "XRP/USDT",
  "best_trade_profit_pct": 0.0,
  "final_balance": 113.11361325000001,
  "max_drawdown_pct": 27.673980690143114,
  "profit_factor": 0.7871756215700076,
  "sharpe_ratio": -2.630320122290116,
  "total_profit_abs": -36.88638675,
  "total_profit_pct": -24.5909245,
  "total_trades": 639,
  "win_rate": 0.3145539906103286,
  "worst_pair": "HOME/USDT",
  "worst_trade_profit_pct": 0.0
}