{
  "best_pair": "ETH/USDT",
  "best_trade_profit_pct": 0.0,
  "final_balance": 150.25319005,
  "max_drawdown_pct": 1.364258799999997,
  "profit_factor": 1.1237253273841201,
  "sharpe_ratio": 0.00802892714856541,
  "total_profit_abs": 0.25319004999999994,
  "total_profit_pct": 0.16879336666666664,
  "total_trades": 3,
  "win_rate": 0.6666666666666665,
  "worst_pair": "ADA/USDT",
  "worst_trade_profit_pct": 0.0
}