{
  "best_pair": "XRP/USDT",
  "best_trade_profit_pct": 0.0,
  "final_balance": 52.79054183999996,
  "max_drawdown_pct": 65.08457052666668,
  "profit_factor": 0.6332261380471508,
  "sharpe_ratio": -15.48549740422863,
  "total_profit_abs": -97.20945816,
  "total_profit_pct": -64.80630544,
  "total_trades": 1915,
  "win_rate": 0.28929503916449084,
  "worst_pair": "HOME/USDT",
  "worst_trade_profit_pct": 0.0
}