{
  "best_pair": "XRP/USDT",
  "best_trade_profit_pct": 0.0,
  "final_balance": 185.87514958999998,
  "max_drawdown_pct": 5.437539471786004,
  "profit_factor": 4.35651607239898,
  "sharpe_ratio": 0.15381359884546197,
  "total_profit_abs": 35.87514958999999,
  "total_profit_pct": 23.916766393333326,
  "total_trades": 6,
  "win_rate": 0.5,
  "worst_pair": "HOME/USDT",
  "worst_trade_profit_pct": 0.0
}