{
  "buy_params": {
    "buy_ma_count": 19,
    "buy_ma_gap": 7
  },
  "minimal_roi": {
    "0": 0.4935273504594307,
    "13": 0.6141604895163535,
    "146": 0.6519550829491316,
    "38": 0.6383795494004905
  },
  "sell_params": {
    "sell_ma_count": 20,
    "sell_ma_gap": 40
  },
  "stoploss": -0.46989703732155286,
  "trailing_only_offset_is_reached": true,
  "trailing_stop": true,
  "trailing_stop_positive": 0.3782347667263847,
  "trailing_stop_positive_offset": 0.4729257136201904
}