{
  "buy_params": {
    "buy_ma_count": 1,
    "buy_ma_gap": 2
  },
  "minimal_roi": {
    "0": 1.3346851184702815,
    "13": 1.3054009991462912,
    "146": 0.26536739363859396,
    "38": 0.08154073837438455
  },
  "sell_params": {
    "sell_ma_count": 11,
    "sell_ma_gap": 22
  },
  "stoploss": -0.9054626248086467,
  "trailing_only_offset_is_reached": false,
  "trailing_stop": false,
  "trailing_stop_positive": 0.2731402630473624,
  "trailing_stop_positive_offset": 0.046027295263046886
}