{
  "best_pair": "XRP/USDT",
  "best_trade_profit_pct": 0.0,
  "final_balance": 139.47209613,
  "max_drawdown_pct": 14.083794895032517,
  "profit_factor": 0.7520411398180018,
  "sharpe_ratio": -0.4993424694500071,
  "total_profit_abs": -10.527903870000003,
  "total_profit_pct": -7.018602580000002,
  "total_trades": 184,
  "win_rate": 0.9293478260869565,
  "worst_pair": "HOME/USDT",
  "worst_trade_profit_pct": 0.0
}