{
  "best_pair": "ETH/USDT",
  "best_trade_profit_pct": 0.0,
  "final_balance": 126.89145958,
  "max_drawdown_pct": 16.577054312044915,
  "profit_factor": 0.32030760339542447,
  "sharpe_ratio": -0.5046370253715639,
  "total_profit_abs": -23.108540419999997,
  "total_profit_pct": -15.405693613333332,
  "total_trades": 27,
  "win_rate": 0.5555555555555556,
  "worst_pair": "ADA/USDT",
  "worst_trade_profit_pct": 0.0
}