{
  "export_time": "2026-04-25T18:43:08.767285+00:00",
  "ft_stratparam_v": 1,
  "params": {
    "buy": {
      "buy_ma_count": 1,
      "buy_ma_gap": 1
    },
    "max_open_trades": {
      "max_open_trades": 2
    },
    "roi": {
      "0": 1.7593378503306394,
      "13": 1.8926203837188145,
      "146": 0.6997671044114,
      "38": 0.8692551443306772
    },
    "sell": {
      "sell_ma_count": 6,
      "sell_ma_gap": 29
    },
    "stoploss": {
      "stoploss": -0.7504199859962555
    },
    "trailing": {
      "trailing_only_offset_is_reached": false,
      "trailing_stop": true,
      "trailing_stop_positive": 0.2514672865940173,
      "trailing_stop_positive_offset": 0.43268179396444334
    }
  },
  "strategy_name": "yes"
}