{
  "best_pair": "XRP/USDT",
  "best_trade_profit_pct": 0.0,
  "final_balance": 116.20011792999998,
  "max_drawdown_pct": 26.581554043533846,
  "profit_factor": 0.7474461592923509,
  "sharpe_ratio": -2.0579025310030876,
  "total_profit_abs": -33.799882069999995,
  "total_profit_pct": -22.53325471333333,
  "total_trades": 430,
  "win_rate": 0.29534883720930233,
  "worst_pair": "HOME/USDT",
  "worst_trade_profit_pct": 0.0
}