{
  "buy_params": {
    "buy_ma_count": 2,
    "buy_ma_gap": 16
  },
  "minimal_roi": {
    "0": 1.679459672445861,
    "13": 0.04984094445703143,
    "146": 0.05301979509709672,
    "38": 0.7606261580563283
  },
  "sell_params": {
    "sell_ma_count": 18,
    "sell_ma_gap": 47
  },
  "stoploss": -0.9221013245304509,
  "trailing_only_offset_is_reached": true,
  "trailing_stop": false,
  "trailing_stop_positive": 0.11947007795117437,
  "trailing_stop_positive_offset": 0.30741166717538576
}