{
  "best_pair": "XRP/USDT",
  "best_trade_profit_pct": 0.0,
  "final_balance": 39.83872296000028,
  "max_drawdown_pct": 73.57179702666647,
  "profit_factor": 0.5812441219768474,
  "sharpe_ratio": -22.71435909533626,
  "total_profit_abs": -110.16127703999999,
  "total_profit_pct": -73.44085136,
  "total_trades": 2432,
  "win_rate": 0.27837171052631576,
  "worst_pair": "HOME/USDT",
  "worst_trade_profit_pct": 0.0
}