{
  "best_pair": "ADA/USDT",
  "best_trade_profit_pct": 0.0,
  "final_balance": 76.43278291,
  "max_drawdown_pct": 4.4590213625,
  "profit_factor": 0.0023781443755784204,
  "sharpe_ratio": -0.25163404481818463,
  "total_profit_abs": -3.5672170899999998,
  "total_profit_pct": -4.4590213625,
  "total_trades": 7,
  "win_rate": 0.2857142857142857,
  "worst_pair": "ETH/USDT",
  "worst_trade_profit_pct": 0.0
}