{
  "export_time": "2026-04-25T19:45:00.910285+00:00",
  "ft_stratparam_v": 1,
  "params": {
    "buy": {
      "buy_ma_count": 4,
      "buy_ma_gap": 13
    },
    "max_open_trades": {
      "max_open_trades": 2
    },
    "roi": {
      "0": 0.9941587132862002,
      "13": 0.824941623120294,
      "146": 0.014300820613109645,
      "38": 0.0559804604054141
    },
    "sell": {
      "sell_ma_count": 10,
      "sell_ma_gap": 48
    },
    "stoploss": {
      "stoploss": -0.9057414327388935
    },
    "trailing": {
      "trailing_only_offset_is_reached": true,
      "trailing_stop": false,
      "trailing_stop_positive": 0.4134246576295397,
      "trailing_stop_positive_offset": 0.4140822736374779
    }
  },
  "strategy_name": "yes"
}