{
  "best_pair": "XRP/USDT",
  "best_trade_profit_pct": 0.0,
  "final_balance": 194.36509082999999,
  "max_drawdown_pct": 11.346971061225123,
  "profit_factor": 1.9673501662947734,
  "sharpe_ratio": 0.4777764973646136,
  "total_profit_abs": 44.365090829999986,
  "total_profit_pct": 29.57672721999999,
  "total_trades": 29,
  "win_rate": 0.6206896551724138,
  "worst_pair": "HOME/USDT",
  "worst_trade_profit_pct": 0.0
}