{
  "export_time": "2026-04-25T17:16:22.735805+00:00",
  "ft_stratparam_v": 1,
  "params": {
    "buy": {
      "buy_ma_count": 8,
      "buy_ma_gap": 8
    },
    "max_open_trades": {
      "max_open_trades": 2
    },
    "roi": {
      "0": 0.727412513842418,
      "13": 0.7490086143474122,
      "146": 0.12524394818648973,
      "38": 0.08127872221835906
    },
    "sell": {
      "sell_ma_count": 9,
      "sell_ma_gap": 50
    },
    "stoploss": {
      "stoploss": -0.35038568045285423
    },
    "trailing": {
      "trailing_only_offset_is_reached": true,
      "trailing_stop": true,
      "trailing_stop_positive": 0.1286210400373718,
      "trailing_stop_positive_offset": 0.3520353612679335
    }
  },
  "strategy_name": "MultiMeee"
}