{
  "export_time": "2026-04-25T19:03:50.843821+00:00",
  "ft_stratparam_v": 1,
  "params": {
    "buy": {
      "buy_ma_count": 2,
      "buy_ma_gap": 8
    },
    "max_open_trades": {
      "max_open_trades": 2
    },
    "roi": {
      "0": 0.3660372094354898,
      "13": 1.3813097282137352,
      "146": 0.08059405501100314,
      "38": 0.1145204329356182
    },
    "sell": {
      "sell_ma_count": 17,
      "sell_ma_gap": 6
    },
    "stoploss": {
      "stoploss": -0.3470904426794671
    },
    "trailing": {
      "trailing_only_offset_is_reached": false,
      "trailing_stop": false,
      "trailing_stop_positive": 0.28558667961347056,
      "trailing_stop_positive_offset": 0.10029711141948508
    }
  },
  "strategy_name": "yes"
}