{
  "best_pair": "XRP/USDT",
  "best_trade_profit_pct": 0.0,
  "final_balance": 100.22594530999989,
  "max_drawdown_pct": 35.95886372269814,
  "profit_factor": 0.6802858877624129,
  "sharpe_ratio": -5.9033349937732345,
  "total_profit_abs": -49.77405469,
  "total_profit_pct": -33.18270312666667,
  "total_trades": 943,
  "win_rate": 0.2417815482502651,
  "worst_pair": "HOME/USDT",
  "worst_trade_profit_pct": 0.0
}