{
  "best_pair": "XRP/USDT",
  "best_trade_profit_pct": 0.0,
  "final_balance": 112.08151785000004,
  "max_drawdown_pct": 26.10336737999999,
  "profit_factor": 0.6989774145427537,
  "sharpe_ratio": -3.055140493195346,
  "total_profit_abs": -37.918482149999996,
  "total_profit_pct": -25.2789881,
  "total_trades": 490,
  "win_rate": 0.29183673469387755,
  "worst_pair": "HOME/USDT",
  "worst_trade_profit_pct": 0.0
}