{
  "buy_params": {
    "buy_ma_count": 3,
    "buy_ma_gap": 32
  },
  "minimal_roi": {
    "0": 1.708098371737186,
    "13": 0.17116226367896317,
    "146": 0.162425013055056,
    "38": 0.7812109510131544
  },
  "sell_params": {
    "sell_ma_count": 19,
    "sell_ma_gap": 41
  },
  "stoploss": -0.8095322702522193,
  "trailing_only_offset_is_reached": false,
  "trailing_stop": false,
  "trailing_stop_positive": 0.22165695550246245,
  "trailing_stop_positive_offset": 0.03630398573608974
}