{
  "best_pair": "XRP/USDT",
  "best_trade_profit_pct": 0.0,
  "final_balance": 78.90074959000007,
  "max_drawdown_pct": 48.43194571677728,
  "profit_factor": 0.6726658932570878,
  "sharpe_ratio": -6.783146743240015,
  "total_profit_abs": -71.09925041,
  "total_profit_pct": -47.39950027333333,
  "total_trades": 1295,
  "win_rate": 0.2756756756756757,
  "worst_pair": "HOME/USDT",
  "worst_trade_profit_pct": 0.0
}