{
  "export_time": "2026-04-25T19:28:12.367101+00:00",
  "ft_stratparam_v": 1,
  "params": {
    "buy": {
      "buy_ma_count": 2,
      "buy_ma_gap": 36
    },
    "max_open_trades": {
      "max_open_trades": 2
    },
    "roi": {
      "0": 0.040402398904846044,
      "13": 0.14098482154001668,
      "146": 0.08295299243009183,
      "38": 0.6106294571490344
    },
    "sell": {
      "sell_ma_count": 19,
      "sell_ma_gap": 44
    },
    "stoploss": {
      "stoploss": -0.9518392864034799
    },
    "trailing": {
      "trailing_only_offset_is_reached": true,
      "trailing_stop": false,
      "trailing_stop_positive": 0.19006634577450238,
      "trailing_stop_positive_offset": 0.0024046414881053746
    }
  },
  "strategy_name": "yes"
}