{
  "best_pair": "XRP/USDT",
  "best_trade_profit_pct": 0.0,
  "final_balance": 180.62610748,
  "max_drawdown_pct": 8.480692920000005,
  "profit_factor": 1.6620837231918741,
  "sharpe_ratio": 0.36932226274302427,
  "total_profit_abs": 30.626107479999995,
  "total_profit_pct": 20.41740498666666,
  "total_trades": 30,
  "win_rate": 0.5666666666666667,
  "worst_pair": "HOME/USDT",
  "worst_trade_profit_pct": 0.0
}