{
  "best_pair": "XRP/USDT",
  "best_trade_profit_pct": 0.0,
  "final_balance": 198.82653903,
  "max_drawdown_pct": 9.555650517752706,
  "profit_factor": 2.3246180742813136,
  "sharpe_ratio": 1.364550113124884,
  "total_profit_abs": 48.826539030000006,
  "total_profit_pct": 32.55102602000001,
  "total_trades": 80,
  "win_rate": 0.875,
  "worst_pair": "HOME/USDT",
  "worst_trade_profit_pct": 0.0
}