{
  "buy_params": {
    "buy_ma_count": 1,
    "buy_ma_gap": 8
  },
  "minimal_roi": {
    "0": 1.2979399541373768,
    "13": 0.6144437289900776,
    "146": 0.028376342677784137,
    "38": 0.30999467239842154
  },
  "sell_params": {
    "sell_ma_count": 15,
    "sell_ma_gap": 49
  },
  "stoploss": -0.7477270626505818,
  "trailing_only_offset_is_reached": true,
  "trailing_stop": false,
  "trailing_stop_positive": 0.25626954590159884,
  "trailing_stop_positive_offset": 0.27909816456252207
}