{
  "best_pair": "XRP/USDT",
  "best_trade_profit_pct": 0.0,
  "final_balance": 65.63523223000017,
  "max_drawdown_pct": 57.256166774092776,
  "profit_factor": 0.6589273561570976,
  "sharpe_ratio": -10.940366752214443,
  "total_profit_abs": -84.36476776999999,
  "total_profit_pct": -56.243178513333326,
  "total_trades": 1775,
  "win_rate": 0.28169014084507044,
  "worst_pair": "HOME/USDT",
  "worst_trade_profit_pct": 0.0
}