{
  "best_pair": "XRP/USDT",
  "best_trade_profit_pct": 0.0,
  "final_balance": 56.44235514000002,
  "max_drawdown_pct": 62.561602921248905,
  "profit_factor": 0.5977088879943597,
  "sharpe_ratio": -16.75573636174192,
  "total_profit_abs": -93.55764486000001,
  "total_profit_pct": -62.371763240000014,
  "total_trades": 1938,
  "win_rate": 0.26625386996904027,
  "worst_pair": "HOME/USDT",
  "worst_trade_profit_pct": 0.0
}