{
  "buy_params": {
    "buy_ma_count": 4,
    "buy_ma_gap": 15
  },
  "minimal_roi": {
    "0": 1.8366299406792543,
    "13": 1.6186601740321573,
    "146": 0.254092840466854,
    "38": 0.784814009395018
  },
  "sell_params": {
    "sell_ma_count": 17,
    "sell_ma_gap": 11
  },
  "stoploss": -0.7212076126866964,
  "trailing_only_offset_is_reached": true,
  "trailing_stop": false,
  "trailing_stop_positive": 0.2134787365342261,
  "trailing_stop_positive_offset": 0.32901405162886954
}