{
  "best_pair": "XRP/USDT",
  "best_trade_profit_pct": 0.0,
  "final_balance": 111.83465345999997,
  "max_drawdown_pct": 49.920411814818976,
  "profit_factor": 0.7854331557246456,
  "sharpe_ratio": -0.41621103952559174,
  "total_profit_abs": -38.16534653999999,
  "total_profit_pct": -25.443564359999993,
  "total_trades": 153,
  "win_rate": 0.7450980392156863,
  "worst_pair": "HOME/USDT",
  "worst_trade_profit_pct": 0.0
}