{
  "best_pair": "XRP/USDT",
  "best_trade_profit_pct": 0.0,
  "final_balance": 182.45952839,
  "max_drawdown_pct": 1.5428581954621532,
  "profit_factor": 12.35264009568645,
  "sharpe_ratio": 0.3664952172651127,
  "total_profit_abs": 32.45952839,
  "total_profit_pct": 21.639685593333336,
  "total_trades": 6,
  "win_rate": 0.8333333333333335,
  "worst_pair": "HOME/USDT",
  "worst_trade_profit_pct": 0.0
}