{
  "best_pair": "XRP/USDT",
  "best_trade_profit_pct": 0.0,
  "final_balance": 112.61502693999995,
  "max_drawdown_pct": 29.086774133469923,
  "profit_factor": 0.7148688856345107,
  "sharpe_ratio": -2.6780862195061386,
  "total_profit_abs": -37.38497306,
  "total_profit_pct": -24.92331537333333,
  "total_trades": 531,
  "win_rate": 0.2994350282485876,
  "worst_pair": "HOME/USDT",
  "worst_trade_profit_pct": 0.0
}