{
  "best_pair": "ADA/USDT",
  "best_trade_profit_pct": 0.0,
  "final_balance": 81.50536832,
  "max_drawdown_pct": 8.366850887783066,
  "profit_factor": 1.143145439231041,
  "sharpe_ratio": 0.04467162662208314,
  "total_profit_abs": 1.5053683199999996,
  "total_profit_pct": 1.8817103999999993,
  "total_trades": 20,
  "win_rate": 0.6,
  "worst_pair": "ETH/USDT",
  "worst_trade_profit_pct": 0.0
}