{
  "export_time": "2026-04-25T19:27:18.927688+00:00",
  "ft_stratparam_v": 1,
  "params": {
    "buy": {
      "buy_ma_count": 2,
      "buy_ma_gap": 24
    },
    "max_open_trades": {
      "max_open_trades": 2
    },
    "roi": {
      "0": 1.603807437193853,
      "13": 0.5694463502028932,
      "146": 0.0038048034591006133,
      "38": 0.6239431727395272
    },
    "sell": {
      "sell_ma_count": 19,
      "sell_ma_gap": 39
    },
    "stoploss": {
      "stoploss": -0.6436477495965198
    },
    "trailing": {
      "trailing_only_offset_is_reached": true,
      "trailing_stop": true,
      "trailing_stop_positive": 0.1907631817390356,
      "trailing_stop_positive_offset": 0.4581590101174907
    }
  },
  "strategy_name": "yes"
}