{
  "export_time": "2026-04-25T19:48:12.578106+00:00",
  "ft_stratparam_v": 1,
  "params": {
    "buy": {
      "buy_ma_count": 2,
      "buy_ma_gap": 8
    },
    "max_open_trades": {
      "max_open_trades": 2
    },
    "roi": {
      "0": 1.4560488548250825,
      "13": 0.6867436224449048,
      "146": 0.06767718245845361,
      "38": 0.041713907461964274
    },
    "sell": {
      "sell_ma_count": 14,
      "sell_ma_gap": 45
    },
    "stoploss": {
      "stoploss": -0.9566117320696966
    },
    "trailing": {
      "trailing_only_offset_is_reached": true,
      "trailing_stop": false,
      "trailing_stop_positive": 0.33646561390697816,
      "trailing_stop_positive_offset": 0.2241709532882889
    }
  },
  "strategy_name": "yes"
}