{
  "export_time": "2026-04-25T19:44:01.762176+00:00",
  "ft_stratparam_v": 1,
  "params": {
    "buy": {
      "buy_ma_count": 2,
      "buy_ma_gap": 5
    },
    "max_open_trades": {
      "max_open_trades": 2
    },
    "roi": {
      "0": 1.135412325214776,
      "13": 0.7132512296362212,
      "146": 0.06440506725575264,
      "38": 0.18705938520602222
    },
    "sell": {
      "sell_ma_count": 9,
      "sell_ma_gap": 6
    },
    "stoploss": {
      "stoploss": -0.8979419683558351
    },
    "trailing": {
      "trailing_only_offset_is_reached": true,
      "trailing_stop": false,
      "trailing_stop_positive": 0.49077427655650135,
      "trailing_stop_positive_offset": 0.29783406874326973
    }
  },
  "strategy_name": "yes"
}