{
  "export_time": "2026-04-25T19:45:56.373836+00:00",
  "ft_stratparam_v": 1,
  "params": {
    "buy": {
      "buy_ma_count": 2,
      "buy_ma_gap": 2
    },
    "max_open_trades": {
      "max_open_trades": 2
    },
    "roi": {
      "0": 1.3618938623027308,
      "13": 0.6340519777225743,
      "146": 0.01761908967697018,
      "38": 0.1002270778417213
    },
    "sell": {
      "sell_ma_count": 14,
      "sell_ma_gap": 47
    },
    "stoploss": {
      "stoploss": -0.8459175457170126
    },
    "trailing": {
      "trailing_only_offset_is_reached": true,
      "trailing_stop": false,
      "trailing_stop_positive": 0.43806558234817117,
      "trailing_stop_positive_offset": 0.29061040223963824
    }
  },
  "strategy_name": "yes"
}