{
  "best_pair": "XRP/USDT",
  "best_trade_profit_pct": 0.0,
  "final_balance": 225.71466536,
  "max_drawdown_pct": 11.7584697616232,
  "profit_factor": 2.655728917198025,
  "sharpe_ratio": 1.4624777712980306,
  "total_profit_abs": 75.71466535999998,
  "total_profit_pct": 50.47644357333332,
  "total_trades": 60,
  "win_rate": 0.8166666666666668,
  "worst_pair": "HOME/USDT",
  "worst_trade_profit_pct": 0.0
}