{
  "buy_params": {
    "buy_ma_count": 3,
    "buy_ma_gap": 9
  },
  "minimal_roi": {
    "0": 1.289491318765068,
    "13": 0.7121152334961613,
    "146": 0.04181837526281877,
    "38": 0.023606770918128364
  },
  "sell_params": {
    "sell_ma_count": 12,
    "sell_ma_gap": 47
  },
  "stoploss": -0.956631224080437,
  "trailing_only_offset_is_reached": true,
  "trailing_stop": false,
  "trailing_stop_positive": 0.42849923179742266,
  "trailing_stop_positive_offset": 0.3189921205803581
}