{
  "best_pair": "XRP/USDT",
  "best_trade_profit_pct": 0.0,
  "final_balance": 135.19201264,
  "max_drawdown_pct": 45.707848550747975,
  "profit_factor": 0.9093136695834642,
  "sharpe_ratio": -0.083612056017556,
  "total_profit_abs": -14.807987359999991,
  "total_profit_pct": -9.871991573333327,
  "total_trades": 58,
  "win_rate": 0.3448275862068966,
  "worst_pair": "HOME/USDT",
  "worst_trade_profit_pct": 0.0
}