{
  "export_time": "2026-04-25T19:27:38.496570+00:00",
  "ft_stratparam_v": 1,
  "params": {
    "buy": {
      "buy_ma_count": 3,
      "buy_ma_gap": 20
    },
    "max_open_trades": {
      "max_open_trades": 2
    },
    "roi": {
      "0": 1.9054717077264538,
      "13": 0.01748802890860934,
      "146": 0.1995817376224591,
      "38": 0.5751683963836349
    },
    "sell": {
      "sell_ma_count": 15,
      "sell_ma_gap": 47
    },
    "stoploss": {
      "stoploss": -0.7905952282738764
    },
    "trailing": {
      "trailing_only_offset_is_reached": true,
      "trailing_stop": false,
      "trailing_stop_positive": 0.12386993226660911,
      "trailing_stop_positive_offset": 0.14689951236768045
    }
  },
  "strategy_name": "yes"
}