{
  "best_pair": "XRP/USDT",
  "best_trade_profit_pct": 0.0,
  "final_balance": 113.42563619,
  "max_drawdown_pct": 25.152999099999995,
  "profit_factor": 0.7677236989975019,
  "sharpe_ratio": -4.079642788730489,
  "total_profit_abs": -36.57436381,
  "total_profit_pct": -24.382909206666668,
  "total_trades": 918,
  "win_rate": 0.3017429193899782,
  "worst_pair": "HOME/USDT",
  "worst_trade_profit_pct": 0.0
}