{
  "best_pair": "XRP/USDT",
  "best_trade_profit_pct": 0.0,
  "final_balance": 191.4402255,
  "max_drawdown_pct": 10.108093680646443,
  "profit_factor": 2.438856150500598,
  "sharpe_ratio": 0.9213110455140991,
  "total_profit_abs": 41.44022550000001,
  "total_profit_pct": 27.62681700000001,
  "total_trades": 46,
  "win_rate": 0.8043478260869565,
  "worst_pair": "HOME/USDT",
  "worst_trade_profit_pct": 0.0
}