{
  "best_pair": "XRP/USDT",
  "best_trade_profit_pct": 0.0,
  "final_balance": 23.65741208999981,
  "max_drawdown_pct": 84.22839194000012,
  "profit_factor": 0.5276051853287563,
  "sharpe_ratio": -26.502349814835988,
  "total_profit_abs": -126.34258791,
  "total_profit_pct": -84.22839194000001,
  "total_trades": 2421,
  "win_rate": 0.39694341181330034,
  "worst_pair": "HOME/USDT",
  "worst_trade_profit_pct": 0.0
}