{
  "best_pair": "ETH/USDT",
  "best_trade_profit_pct": 0.0,
  "final_balance": 158.14900872,
  "max_drawdown_pct": 1.8314326669172871,
  "profit_factor": 3.7870891742950876,
  "sharpe_ratio": 0.1993189706902828,
  "total_profit_abs": 8.14900872,
  "total_profit_pct": 5.43267248,
  "total_trades": 7,
  "win_rate": 0.8571428571428571,
  "worst_pair": "ADA/USDT",
  "worst_trade_profit_pct": 0.0
}