{
  "export_time": "2026-04-25T19:33:21.173219+00:00",
  "ft_stratparam_v": 1,
  "params": {
    "buy": {
      "buy_ma_count": 9,
      "buy_ma_gap": 24
    },
    "max_open_trades": {
      "max_open_trades": 2
    },
    "roi": {
      "0": 1.7159495305217374,
      "13": 0.01164438770746376,
      "146": 0.12211580536137609,
      "38": 0.4864703249174316
    },
    "sell": {
      "sell_ma_count": 18,
      "sell_ma_gap": 46
    },
    "stoploss": {
      "stoploss": -0.6163442984520794
    },
    "trailing": {
      "trailing_only_offset_is_reached": true,
      "trailing_stop": false,
      "trailing_stop_positive": 0.12510121274045183,
      "trailing_stop_positive_offset": 0.2295085788612547
    }
  },
  "strategy_name": "yes"
}