{
  "export_time": "2026-04-25T18:47:51.641238+00:00",
  "ft_stratparam_v": 1,
  "params": {
    "buy": {
      "buy_ma_count": 18,
      "buy_ma_gap": 50
    },
    "max_open_trades": {
      "max_open_trades": 2
    },
    "roi": {
      "0": 1.0542170090221696,
      "13": 1.8487437312208057,
      "146": 0.649833166391163,
      "38": 0.24868832747309494
    },
    "sell": {
      "sell_ma_count": 19,
      "sell_ma_gap": 47
    },
    "stoploss": {
      "stoploss": -0.7920657180632006
    },
    "trailing": {
      "trailing_only_offset_is_reached": false,
      "trailing_stop": false,
      "trailing_stop_positive": 0.23648444366988272,
      "trailing_stop_positive_offset": 0.1469711749770505
    }
  },
  "strategy_name": "yes"
}