{
  "best_pair": "ADA/USDT",
  "best_trade_profit_pct": 0.0,
  "final_balance": 84.81688022,
  "max_drawdown_pct": 0.0028721230738821338,
  "profit_factor": 1065.4004163131099,
  "sharpe_ratio": 0.2867609684605995,
  "total_profit_abs": 4.81688022,
  "total_profit_pct": 6.021100275,
  "total_trades": 12,
  "win_rate": 0.6666666666666665,
  "worst_pair": "ETH/USDT",
  "worst_trade_profit_pct": 0.0
}