{
  "export_time": "2026-04-25T19:02:48.316750+00:00",
  "ft_stratparam_v": 1,
  "params": {
    "buy": {
      "buy_ma_count": 5,
      "buy_ma_gap": 20
    },
    "max_open_trades": {
      "max_open_trades": 2
    },
    "roi": {
      "0": 1.5514662445077458,
      "13": 1.64126000389592,
      "146": 0.16110190505885938,
      "38": 0.3386117257991593
    },
    "sell": {
      "sell_ma_count": 14,
      "sell_ma_gap": 24
    },
    "stoploss": {
      "stoploss": -0.7055937195596277
    },
    "trailing": {
      "trailing_only_offset_is_reached": true,
      "trailing_stop": false,
      "trailing_stop_positive": 0.38987668198107367,
      "trailing_stop_positive_offset": 0.13917474915225797
    }
  },
  "strategy_name": "yes"
}