{
  "best_pair": "XRP/USDT",
  "best_trade_profit_pct": 0.0,
  "final_balance": 119.09951448999999,
  "max_drawdown_pct": 25.084680617210342,
  "profit_factor": 0.7264288510613844,
  "sharpe_ratio": -2.086605990406884,
  "total_profit_abs": -30.900485509999996,
  "total_profit_pct": -20.60032367333333,
  "total_trades": 383,
  "win_rate": 0.30809399477806787,
  "worst_pair": "HOME/USDT",
  "worst_trade_profit_pct": 0.0
}