{
  "best_pair": "ADA/USDT",
  "best_trade_profit_pct": 0.0,
  "final_balance": 60.575463969999994,
  "max_drawdown_pct": 25.438587125000005,
  "profit_factor": 0.47098902191793085,
  "sharpe_ratio": -0.3792719538130749,
  "total_profit_abs": -19.42453603,
  "total_profit_pct": -24.2806700375,
  "total_trades": 32,
  "win_rate": 0.6875,
  "worst_pair": "ETH/USDT",
  "worst_trade_profit_pct": 0.0
}