{
  "best_pair": "XRP/USDT",
  "best_trade_profit_pct": 0.0,
  "final_balance": 122.61650189999999,
  "max_drawdown_pct": 21.468994021359524,
  "profit_factor": 0.8036826655677833,
  "sharpe_ratio": -1.7038101353557307,
  "total_profit_abs": -27.3834981,
  "total_profit_pct": -18.2556654,
  "total_trades": 530,
  "win_rate": 0.29056603773584905,
  "worst_pair": "HOME/USDT",
  "worst_trade_profit_pct": 0.0
}