{
  "best_pair": "XRP/USDT",
  "best_trade_profit_pct": 0.0,
  "final_balance": 222.65868576999998,
  "max_drawdown_pct": 4.542939422926171,
  "profit_factor": 4.297287648997786,
  "sharpe_ratio": 0.6219594036972051,
  "total_profit_abs": 72.65868576999999,
  "total_profit_pct": 48.43912384666666,
  "total_trades": 24,
  "win_rate": 0.625,
  "worst_pair": "HOME/USDT",
  "worst_trade_profit_pct": 0.0
}