{
  "best_pair": "XRP/USDT",
  "best_trade_profit_pct": 0.0,
  "final_balance": 131.86111466,
  "max_drawdown_pct": 12.431924766666668,
  "profit_factor": 0.76064627498795,
  "sharpe_ratio": -1.0507788845768593,
  "total_profit_abs": -18.138885339999998,
  "total_profit_pct": -12.092590226666665,
  "total_trades": 221,
  "win_rate": 0.3393665158371041,
  "worst_pair": "HOME/USDT",
  "worst_trade_profit_pct": 0.0
}