{
  "buy_params": {
    "buy_ma_count": 15,
    "buy_ma_gap": 5
  },
  "minimal_roi": {
    "0": 0.693254616274192,
    "13": 1.0605179981051225,
    "146": 0.2564311794045896,
    "38": 0.5428372224515337
  },
  "sell_params": {
    "sell_ma_count": 19,
    "sell_ma_gap": 50
  },
  "stoploss": -0.7332072019131166,
  "trailing_only_offset_is_reached": true,
  "trailing_stop": true,
  "trailing_stop_positive": 0.49892095330464203,
  "trailing_stop_positive_offset": 0.2646301186252593
}