{
  "best_pair": "ADA/USDT",
  "best_trade_profit_pct": 0.0,
  "final_balance": 69.45397841,
  "max_drawdown_pct": 20.545372058780206,
  "profit_factor": 0.48251874569061953,
  "sharpe_ratio": -0.18529476811834883,
  "total_profit_abs": -10.546021590000002,
  "total_profit_pct": -13.182526987500005,
  "total_trades": 16,
  "win_rate": 0.625,
  "worst_pair": "ETH/USDT",
  "worst_trade_profit_pct": 0.0
}