{
  "export_time": "2026-04-25T19:46:40.909567+00:00",
  "ft_stratparam_v": 1,
  "params": {
    "buy": {
      "buy_ma_count": 4,
      "buy_ma_gap": 8
    },
    "max_open_trades": {
      "max_open_trades": 2
    },
    "roi": {
      "0": 1.6220596832241403,
      "13": 0.6377475376374184,
      "146": 0.0013789774069695032,
      "38": 0.02980078886206885
    },
    "sell": {
      "sell_ma_count": 13,
      "sell_ma_gap": 48
    },
    "stoploss": {
      "stoploss": -0.7873665263742825
    },
    "trailing": {
      "trailing_only_offset_is_reached": true,
      "trailing_stop": false,
      "trailing_stop_positive": 0.45117798815195304,
      "trailing_stop_positive_offset": 0.31656105075196933
    }
  },
  "strategy_name": "yes"
}