{
  "best_pair": "XRP/USDT",
  "best_trade_profit_pct": 0.0,
  "final_balance": 129.19389369,
  "max_drawdown_pct": 14.416112929724717,
  "profit_factor": 0.7657340062291732,
  "sharpe_ratio": -1.306734669062721,
  "total_profit_abs": -20.80610631,
  "total_profit_pct": -13.87073754,
  "total_trades": 273,
  "win_rate": 0.33333333333333326,
  "worst_pair": "HOME/USDT",
  "worst_trade_profit_pct": 0.0
}