{
  "best_pair": "XRP/USDT",
  "best_trade_profit_pct": 0.0,
  "final_balance": 24.392129400000172,
  "max_drawdown_pct": 83.98790724215887,
  "profit_factor": 0.5275110919923869,
  "sharpe_ratio": -28.566219179460763,
  "total_profit_abs": -125.60787059999998,
  "total_profit_pct": -83.73858039999999,
  "total_trades": 3169,
  "win_rate": 0.2530766803408015,
  "worst_pair": "HOME/USDT",
  "worst_trade_profit_pct": 0.0
}