{
  "best_pair": "XRP/USDT",
  "best_trade_profit_pct": 0.0,
  "final_balance": 123.55497133,
  "max_drawdown_pct": 22.984765293232083,
  "profit_factor": 0.7992881735049868,
  "sharpe_ratio": -1.8116898003814688,
  "total_profit_abs": -26.44502867,
  "total_profit_pct": -17.630019113333333,
  "total_trades": 475,
  "win_rate": 0.30736842105263157,
  "worst_pair": "HOME/USDT",
  "worst_trade_profit_pct": 0.0
}