{
  "best_pair": "XRP/USDT",
  "best_trade_profit_pct": 0.0,
  "final_balance": 13.103647999999652,
  "max_drawdown_pct": 91.3556172416198,
  "profit_factor": 0.40436073185860594,
  "sharpe_ratio": -50.10218946229802,
  "total_profit_abs": -136.896352,
  "total_profit_pct": -91.26423466666668,
  "total_trades": 3953,
  "win_rate": 0.22236276245889197,
  "worst_pair": "HOME/USDT",
  "worst_trade_profit_pct": 0.0
}