{
  "buy_params": {
    "buy_ma_count": 7,
    "buy_ma_gap": 6
  },
  "minimal_roi": {
    "0": 0.6499298416134224,
    "13": 0.25744211596634053,
    "146": 0.04023603463490217,
    "38": 0.7441656416217155
  },
  "sell_params": {
    "sell_ma_count": 12,
    "sell_ma_gap": 8
  },
  "stoploss": -0.9364464770318824,
  "trailing_only_offset_is_reached": false,
  "trailing_stop": false,
  "trailing_stop_positive": 0.27286857976204876,
  "trailing_stop_positive_offset": 0.25496777584720565
}