{
  "best_pair": "XRP/USDT",
  "best_trade_profit_pct": 0.0,
  "final_balance": 106.24922354999998,
  "max_drawdown_pct": 29.776385939999994,
  "profit_factor": 0.7293921957773911,
  "sharpe_ratio": -3.6350484783463592,
  "total_profit_abs": -43.75077645,
  "total_profit_pct": -29.1671843,
  "total_trades": 649,
  "win_rate": 0.31432973805855163,
  "worst_pair": "HOME/USDT",
  "worst_trade_profit_pct": 0.0
}