{
  "export_time": "2026-04-25T19:26:12.828292+00:00",
  "ft_stratparam_v": 1,
  "params": {
    "buy": {
      "buy_ma_count": 3,
      "buy_ma_gap": 29
    },
    "max_open_trades": {
      "max_open_trades": 2
    },
    "roi": {
      "0": 1.4065055312384513,
      "13": 0.46532027718065816,
      "146": 0.06164379105011769,
      "38": 0.3194045926730329
    },
    "sell": {
      "sell_ma_count": 1,
      "sell_ma_gap": 32
    },
    "stoploss": {
      "stoploss": -0.9054329521923031
    },
    "trailing": {
      "trailing_only_offset_is_reached": true,
      "trailing_stop": false,
      "trailing_stop_positive": 0.37512423380014764,
      "trailing_stop_positive_offset": 0.27910419970307565
    }
  },
  "strategy_name": "yes"
}