{
  "best_pair": "XRP/USDT",
  "best_trade_profit_pct": 0.0,
  "final_balance": 196.78139090000002,
  "max_drawdown_pct": 10.019593819999994,
  "profit_factor": 2.1731335903090234,
  "sharpe_ratio": 0.4708112085817398,
  "total_profit_abs": 46.781390900000005,
  "total_profit_pct": 31.187593933333336,
  "total_trades": 29,
  "win_rate": 0.5862068965517241,
  "worst_pair": "HOME/USDT",
  "worst_trade_profit_pct": 0.0
}