{
  "best_pair": "ADA/USDT",
  "best_trade_profit_pct": 0.0,
  "final_balance": 53.39980059000003,
  "max_drawdown_pct": 37.67300454999999,
  "profit_factor": 0.657455589548305,
  "sharpe_ratio": -4.168762058559121,
  "total_profit_abs": -26.600199410000002,
  "total_profit_pct": -33.250249262500006,
  "total_trades": 515,
  "win_rate": 0.3572815533980582,
  "worst_pair": "ETH/USDT",
  "worst_trade_profit_pct": 0.0
}