{
  "export_time": "2026-04-25T19:34:58.820229+00:00",
  "ft_stratparam_v": 1,
  "params": {
    "buy": {
      "buy_ma_count": 1,
      "buy_ma_gap": 28
    },
    "max_open_trades": {
      "max_open_trades": 2
    },
    "roi": {
      "0": 0.03522357379658928,
      "13": 0.1186840599037363,
      "146": 0.44968915168308143,
      "38": 0.4440094096197953
    },
    "sell": {
      "sell_ma_count": 20,
      "sell_ma_gap": 50
    },
    "stoploss": {
      "stoploss": -0.9387540558697792
    },
    "trailing": {
      "trailing_only_offset_is_reached": false,
      "trailing_stop": true,
      "trailing_stop_positive": 0.16494215486862096,
      "trailing_stop_positive_offset": 0.0333938803252503
    }
  },
  "strategy_name": "yes"
}