{
  "export_time": "2026-04-25T19:42:06.314326+00:00",
  "ft_stratparam_v": 1,
  "params": {
    "buy": {
      "buy_ma_count": 3,
      "buy_ma_gap": 11
    },
    "max_open_trades": {
      "max_open_trades": 2
    },
    "roi": {
      "0": 1.119545771796298,
      "13": 0.863579690847974,
      "146": 0.055677223790597814,
      "38": 0.06177755437042705
    },
    "sell": {
      "sell_ma_count": 12,
      "sell_ma_gap": 48
    },
    "stoploss": {
      "stoploss": -0.9858254672501612
    },
    "trailing": {
      "trailing_only_offset_is_reached": true,
      "trailing_stop": false,
      "trailing_stop_positive": 0.4707707648016934,
      "trailing_stop_positive_offset": 0.3020004498265967
    }
  },
  "strategy_name": "yes"
}