{
  "export_time": "2026-04-25T19:43:51.364272+00:00",
  "ft_stratparam_v": 1,
  "params": {
    "buy": {
      "buy_ma_count": 5,
      "buy_ma_gap": 9
    },
    "max_open_trades": {
      "max_open_trades": 2
    },
    "roi": {
      "0": 0.9353635750257913,
      "13": 0.9137722395859255,
      "146": 0.046994542221948835,
      "38": 0.06296192221468126
    },
    "sell": {
      "sell_ma_count": 12,
      "sell_ma_gap": 45
    },
    "stoploss": {
      "stoploss": -0.9637641097756955
    },
    "trailing": {
      "trailing_only_offset_is_reached": true,
      "trailing_stop": false,
      "trailing_stop_positive": 0.4535398483127159,
      "trailing_stop_positive_offset": 0.34807325246103
    }
  },
  "strategy_name": "yes"
}