{
  "best_pair": "XRP/USDT",
  "best_trade_profit_pct": 0.0,
  "final_balance": 206.36035307999998,
  "max_drawdown_pct": 7.815633293015613,
  "profit_factor": 2.4920968709221807,
  "sharpe_ratio": 1.5573435552219719,
  "total_profit_abs": 56.360353079999996,
  "total_profit_pct": 37.57356872,
  "total_trades": 74,
  "win_rate": 0.8243243243243243,
  "worst_pair": "HOME/USDT",
  "worst_trade_profit_pct": 0.0
}