{
  "buy_params": {
    "buy_ma_count": 4,
    "buy_ma_gap": 6
  },
  "minimal_roi": {
    "0": 1.4253519556513792,
    "13": 0.6799539146036665,
    "146": 0.02543822701625731,
    "38": 0.0586270900951899
  },
  "sell_params": {
    "sell_ma_count": 12,
    "sell_ma_gap": 47
  },
  "stoploss": -0.8833862345765148,
  "trailing_only_offset_is_reached": true,
  "trailing_stop": false,
  "trailing_stop_positive": 0.45944388535802483,
  "trailing_stop_positive_offset": 0.3336545989555092
}