{
  "export_time": "2026-04-25T18:46:00.780208+00:00",
  "ft_stratparam_v": 1,
  "params": {
    "buy": {
      "buy_ma_count": 17,
      "buy_ma_gap": 29
    },
    "max_open_trades": {
      "max_open_trades": 2
    },
    "roi": {
      "0": 1.218002612922587,
      "13": 1.986080947534967,
      "146": 0.46218464803384746,
      "38": 0.2668242451701188
    },
    "sell": {
      "sell_ma_count": 17,
      "sell_ma_gap": 46
    },
    "stoploss": {
      "stoploss": -0.6738332834076561
    },
    "trailing": {
      "trailing_only_offset_is_reached": true,
      "trailing_stop": false,
      "trailing_stop_positive": 0.13698081289559488,
      "trailing_stop_positive_offset": 0.05856200696317295
    }
  },
  "strategy_name": "yes"
}