{
  "best_pair": "XRP/USDT",
  "best_trade_profit_pct": 0.0,
  "final_balance": 176.21601127,
  "max_drawdown_pct": 12.733787656716029,
  "profit_factor": 1.560305754572532,
  "sharpe_ratio": 0.3483274085460235,
  "total_profit_abs": 26.21601127,
  "total_profit_pct": 17.477340846666667,
  "total_trades": 33,
  "win_rate": 0.6060606060606061,
  "worst_pair": "HOME/USDT",
  "worst_trade_profit_pct": 0.0
}