{
  "best_pair": "XRP/USDT",
  "best_trade_profit_pct": 0.0,
  "final_balance": 173.27722933,
  "max_drawdown_pct": 2.226484613333336,
  "profit_factor": 4.693156135680248,
  "sharpe_ratio": 0.3373472700017956,
  "total_profit_abs": 23.277229330000004,
  "total_profit_pct": 15.51815288666667,
  "total_trades": 14,
  "win_rate": 0.5714285714285714,
  "worst_pair": "HOME/USDT",
  "worst_trade_profit_pct": 0.0
}