{
  "best_pair": "ADA/USDT",
  "best_trade_profit_pct": 0.0,
  "final_balance": 74.0971057,
  "max_drawdown_pct": 10.80331431953929,
  "profit_factor": 0.8404362926693102,
  "sharpe_ratio": -0.6201862338942818,
  "total_profit_abs": -5.9028943,
  "total_profit_pct": -7.378617875,
  "total_trades": 189,
  "win_rate": 0.42857142857142855,
  "worst_pair": "ETH/USDT",
  "worst_trade_profit_pct": 0.0
}