{
  "best_pair": "ADA/USDT",
  "best_trade_profit_pct": 0.0,
  "final_balance": 63.56163353999999,
  "max_drawdown_pct": 20.968704943522408,
  "profit_factor": 0.7740491431679546,
  "sharpe_ratio": -2.2601440212461084,
  "total_profit_abs": -16.43836646,
  "total_profit_pct": -20.547958075,
  "total_trades": 459,
  "win_rate": 0.35729847494553385,
  "worst_pair": "ETH/USDT",
  "worst_trade_profit_pct": 0.0
}