{
  "best_pair": "XRP/USDT",
  "best_trade_profit_pct": 0.0,
  "final_balance": 219.47672414000002,
  "max_drawdown_pct": 10.699883752674848,
  "profit_factor": 2.137106888384841,
  "sharpe_ratio": 0.9374293265813113,
  "total_profit_abs": 69.47672414,
  "total_profit_pct": 46.317816093333334,
  "total_trades": 52,
  "win_rate": 0.75,
  "worst_pair": "HOME/USDT",
  "worst_trade_profit_pct": 0.0
}