{
  "best_pair": "XRP/USDT",
  "best_trade_profit_pct": 0.0,
  "final_balance": 242.91552209999998,
  "max_drawdown_pct": 9.32388442140689,
  "profit_factor": 2.8980188937578935,
  "sharpe_ratio": 1.329385737914846,
  "total_profit_abs": 92.9155221,
  "total_profit_pct": 61.9436814,
  "total_trades": 49,
  "win_rate": 0.7959183673469387,
  "worst_pair": "HOME/USDT",
  "worst_trade_profit_pct": 0.0
}