{
  "buy_params": {
    "buy_ma_count": 3,
    "buy_ma_gap": 8
  },
  "minimal_roi": {
    "0": 1.2951415950042946,
    "13": 0.757985056240538,
    "146": 0.06160715456370501,
    "38": 0.13847284407551663
  },
  "sell_params": {
    "sell_ma_count": 13,
    "sell_ma_gap": 48
  },
  "stoploss": -0.8984231342220632,
  "trailing_only_offset_is_reached": true,
  "trailing_stop": false,
  "trailing_stop_positive": 0.4730828937277821,
  "trailing_stop_positive_offset": 0.2507422386009518
}