{
  "best_pair": "XRP/USDT",
  "best_trade_profit_pct": 0.0,
  "final_balance": 205.27388003,
  "max_drawdown_pct": 13.12819839753675,
  "profit_factor": 2.2334585099095743,
  "sharpe_ratio": 0.9781644302171576,
  "total_profit_abs": 55.27388003,
  "total_profit_pct": 36.84925335333333,
  "total_trades": 51,
  "win_rate": 0.7647058823529411,
  "worst_pair": "HOME/USDT",
  "worst_trade_profit_pct": 0.0
}