{
  "best_pair": "XRP/USDT",
  "best_trade_profit_pct": 0.0,
  "final_balance": 99.04446280000008,
  "max_drawdown_pct": 36.51753763195784,
  "profit_factor": 0.7095869379123176,
  "sharpe_ratio": -3.6846903973638683,
  "total_profit_abs": -50.955537199999995,
  "total_profit_pct": -33.97035813333333,
  "total_trades": 743,
  "win_rate": 0.3001345895020188,
  "worst_pair": "HOME/USDT",
  "worst_trade_profit_pct": 0.0
}