{
  "export_time": "2026-04-25T18:49:36.817836+00:00",
  "ft_stratparam_v": 1,
  "params": {
    "buy": {
      "buy_ma_count": 15,
      "buy_ma_gap": 4
    },
    "max_open_trades": {
      "max_open_trades": 2
    },
    "roi": {
      "0": 0.7731760159467433,
      "13": 1.0930194234080106,
      "146": 0.27310390491182984,
      "38": 0.528876909460032
    },
    "sell": {
      "sell_ma_count": 19,
      "sell_ma_gap": 50
    },
    "stoploss": {
      "stoploss": -0.7920036060578095
    },
    "trailing": {
      "trailing_only_offset_is_reached": true,
      "trailing_stop": true,
      "trailing_stop_positive": 0.489283892721945,
      "trailing_stop_positive_offset": 0.2987821757204112
    }
  },
  "strategy_name": "yes"
}