{
  "best_pair": "ADA/USDT",
  "best_trade_profit_pct": 0.0,
  "final_balance": 80.77037299,
  "max_drawdown_pct": 13.572257637499998,
  "profit_factor": 1.0500573462613587,
  "sharpe_ratio": 0.016181446451712305,
  "total_profit_abs": 0.7703729900000001,
  "total_profit_pct": 0.9629662375000002,
  "total_trades": 20,
  "win_rate": 0.55,
  "worst_pair": "ETH/USDT",
  "worst_trade_profit_pct": 0.0
}