{
  "best_pair": "ETH/USDT",
  "best_trade_profit_pct": 0.0,
  "final_balance": 155.075272,
  "max_drawdown_pct": 3.3526852653355026,
  "profit_factor": 1.4343310625468764,
  "sharpe_ratio": 0.0907886535909193,
  "total_profit_abs": 5.075271999999998,
  "total_profit_pct": 3.383514666666666,
  "total_trades": 11,
  "win_rate": 0.7272727272727273,
  "worst_pair": "ADA/USDT",
  "worst_trade_profit_pct": 0.0
}