{
  "best_pair": "XRP/USDT",
  "best_trade_profit_pct": 0.0,
  "final_balance": 122.35588022000002,
  "max_drawdown_pct": 20.207992486666654,
  "profit_factor": 0.7712558834947992,
  "sharpe_ratio": -2.0006764394648235,
  "total_profit_abs": -27.644119779999997,
  "total_profit_pct": -18.429413186666665,
  "total_trades": 438,
  "win_rate": 0.3219178082191781,
  "worst_pair": "HOME/USDT",
  "worst_trade_profit_pct": 0.0
}