{
  "best_pair": "ETH/USDT",
  "best_trade_profit_pct": 0.0,
  "final_balance": 108.05807331000001,
  "max_drawdown_pct": 29.072770539999993,
  "profit_factor": 0.29719115176443817,
  "sharpe_ratio": -0.699774954557952,
  "total_profit_abs": -41.94192668999999,
  "total_profit_pct": -27.96128445999999,
  "total_trades": 27,
  "win_rate": 0.2222222222222222,
  "worst_pair": "HOME/USDT",
  "worst_trade_profit_pct": 0.0
}