{
  "best_pair": "XRP/USDT",
  "best_trade_profit_pct": 0.0,
  "final_balance": 136.53852365999998,
  "max_drawdown_pct": 52.69228909614807,
  "profit_factor": 0.9114838822569908,
  "sharpe_ratio": -0.0468502281320018,
  "total_profit_abs": -13.461476339999983,
  "total_profit_pct": -8.974317559999989,
  "total_trades": 36,
  "win_rate": 0.9166666666666665,
  "worst_pair": "HOME/USDT",
  "worst_trade_profit_pct": 0.0
}