{
  "best_pair": "XRP/USDT",
  "best_trade_profit_pct": 0.0,
  "final_balance": 224.75244949,
  "max_drawdown_pct": 4.91984460832213,
  "profit_factor": 2.90532842653517,
  "sharpe_ratio": 0.592933469893061,
  "total_profit_abs": 74.75244949,
  "total_profit_pct": 49.83496632666667,
  "total_trades": 30,
  "win_rate": 0.5333333333333333,
  "worst_pair": "HOME/USDT",
  "worst_trade_profit_pct": 0.0
}