{
  "export_time": "2026-04-25T19:35:11.493487+00:00",
  "ft_stratparam_v": 1,
  "params": {
    "buy": {
      "buy_ma_count": 1,
      "buy_ma_gap": 11
    },
    "max_open_trades": {
      "max_open_trades": 2
    },
    "roi": {
      "0": 1.1879091237038302,
      "13": 0.16817907832812254,
      "146": 0.17028426096033222,
      "38": 0.6968607520396056
    },
    "sell": {
      "sell_ma_count": 11,
      "sell_ma_gap": 36
    },
    "stoploss": {
      "stoploss": -0.8373179336512426
    },
    "trailing": {
      "trailing_only_offset_is_reached": true,
      "trailing_stop": false,
      "trailing_stop_positive": 0.21229411428354197,
      "trailing_stop_positive_offset": 0.10261677922949511
    }
  },
  "strategy_name": "yes"
}