{
  "best_pair": "XRP/USDT",
  "best_trade_profit_pct": 0.0,
  "final_balance": 86.79812484999988,
  "max_drawdown_pct": 43.162580113333405,
  "profit_factor": 0.6577415287275811,
  "sharpe_ratio": -7.387552512778083,
  "total_profit_abs": -63.201875150000006,
  "total_profit_pct": -42.13458343333334,
  "total_trades": 1085,
  "win_rate": 0.28847926267281104,
  "worst_pair": "HOME/USDT",
  "worst_trade_profit_pct": 0.0
}