{
  "best_pair": "XRP/USDT",
  "best_trade_profit_pct": 0.0,
  "final_balance": 203.15549327999997,
  "max_drawdown_pct": 12.510812819916689,
  "profit_factor": 1.7291369065808933,
  "sharpe_ratio": 0.9372614525001186,
  "total_profit_abs": 53.155493279999995,
  "total_profit_pct": 35.436995519999996,
  "total_trades": 72,
  "win_rate": 0.7222222222222221,
  "worst_pair": "HOME/USDT",
  "worst_trade_profit_pct": 0.0
}