{
  "export_time": "2026-04-25T18:49:33.788885+00:00",
  "ft_stratparam_v": 1,
  "params": {
    "buy": {
      "buy_ma_count": 15,
      "buy_ma_gap": 5
    },
    "max_open_trades": {
      "max_open_trades": 2
    },
    "roi": {
      "0": 0.693254616274192,
      "13": 1.0605179981051225,
      "146": 0.2564311794045896,
      "38": 0.5428372224515337
    },
    "sell": {
      "sell_ma_count": 19,
      "sell_ma_gap": 50
    },
    "stoploss": {
      "stoploss": -0.7332072019131166
    },
    "trailing": {
      "trailing_only_offset_is_reached": true,
      "trailing_stop": true,
      "trailing_stop_positive": 0.49892095330464203,
      "trailing_stop_positive_offset": 0.2646301186252593
    }
  },
  "strategy_name": "yes"
}