{
  "export_time": "2026-04-25T18:49:24.848325+00:00",
  "ft_stratparam_v": 1,
  "params": {
    "buy": {
      "buy_ma_count": 15,
      "buy_ma_gap": 6
    },
    "max_open_trades": {
      "max_open_trades": 2
    },
    "roi": {
      "0": 1.0192004329278455,
      "13": 1.2052132518596668,
      "146": 0.34190543294447917,
      "38": 0.5350591860039858
    },
    "sell": {
      "sell_ma_count": 19,
      "sell_ma_gap": 50
    },
    "stoploss": {
      "stoploss": -0.7431700177726952
    },
    "trailing": {
      "trailing_only_offset_is_reached": true,
      "trailing_stop": false,
      "trailing_stop_positive": 0.4982228594441385,
      "trailing_stop_positive_offset": 0.24498585391977096
    }
  },
  "strategy_name": "yes"
}