{
  "best_pair": "ETH/USDT",
  "best_trade_profit_pct": 0.0,
  "final_balance": 169.89985672999998,
  "max_drawdown_pct": 11.998700666843334,
  "profit_factor": 1.2328990747143862,
  "sharpe_ratio": 0.25032190066218407,
  "total_profit_abs": 19.89985673,
  "total_profit_pct": 13.266571153333334,
  "total_trades": 61,
  "win_rate": 0.3770491803278688,
  "worst_pair": "HOME/USDT",
  "worst_trade_profit_pct": 0.0
}