{
  "best_pair": "ETH/USDT",
  "best_trade_profit_pct": 0.0,
  "final_balance": 162.85462217,
  "max_drawdown_pct": 2.9185317643763606,
  "profit_factor": 3.743024173536879,
  "sharpe_ratio": 0.1570064904880698,
  "total_profit_abs": 12.854622169999999,
  "total_profit_pct": 8.569748113333333,
  "total_trades": 6,
  "win_rate": 0.6666666666666665,
  "worst_pair": "HOME/USDT",
  "worst_trade_profit_pct": 0.0
}