{
  "best_pair": "XRP/USDT",
  "best_trade_profit_pct": 0.0,
  "final_balance": 44.053306410000005,
  "max_drawdown_pct": 70.75694688000004,
  "profit_factor": 0.5268730031976324,
  "sharpe_ratio": -22.21316868853999,
  "total_profit_abs": -105.94669359,
  "total_profit_pct": -70.63112905999999,
  "total_trades": 2246,
  "win_rate": 0.26046304541406945,
  "worst_pair": "HOME/USDT",
  "worst_trade_profit_pct": 0.0
}