{
  "best_pair": "XRP/USDT",
  "best_trade_profit_pct": 0.0,
  "final_balance": 208.60279483999997,
  "max_drawdown_pct": 12.537662273418427,
  "profit_factor": 2.431121424312453,
  "sharpe_ratio": 0.7661200334423854,
  "total_profit_abs": 58.60279484,
  "total_profit_pct": 39.068529893333334,
  "total_trades": 34,
  "win_rate": 0.7058823529411765,
  "worst_pair": "HOME/USDT",
  "worst_trade_profit_pct": 0.0
}