{
  "best_pair": "XRP/USDT",
  "best_trade_profit_pct": 0.0,
  "final_balance": 104.29205273,
  "max_drawdown_pct": 31.232060426666674,
  "profit_factor": 0.7070963566337398,
  "sharpe_ratio": -3.489192194841962,
  "total_profit_abs": -45.707947270000005,
  "total_profit_pct": -30.471964846666673,
  "total_trades": 697,
  "win_rate": 0.30272596843615496,
  "worst_pair": "HOME/USDT",
  "worst_trade_profit_pct": 0.0
}