{
  "best_pair": "XRP/USDT",
  "best_trade_profit_pct": 0.0,
  "final_balance": 26.468054229999836,
  "max_drawdown_pct": 82.65893882286666,
  "profit_factor": 0.47704132457674453,
  "sharpe_ratio": -32.26968567639858,
  "total_profit_abs": -123.53194577,
  "total_profit_pct": -82.35463051333333,
  "total_trades": 2943,
  "win_rate": 0.23139653414882771,
  "worst_pair": "HOME/USDT",
  "worst_trade_profit_pct": 0.0
}