{
  "best_pair": "XRP/USDT",
  "best_trade_profit_pct": 0.0,
  "final_balance": 106.03360155000004,
  "max_drawdown_pct": 30.339210999999978,
  "profit_factor": 0.7560537272114192,
  "sharpe_ratio": -5.107246590421748,
  "total_profit_abs": -43.96639845,
  "total_profit_pct": -29.310932299999997,
  "total_trades": 1072,
  "win_rate": 0.30223880597014924,
  "worst_pair": "HOME/USDT",
  "worst_trade_profit_pct": 0.0
}