{
  "best_pair": "ETH/USDT",
  "best_trade_profit_pct": 0.0,
  "final_balance": 143.55580785,
  "max_drawdown_pct": 7.494205328741094,
  "profit_factor": 0.4581468130758194,
  "sharpe_ratio": -0.1792978216420773,
  "total_profit_abs": -6.444192150000002,
  "total_profit_pct": -4.296128100000001,
  "total_trades": 10,
  "win_rate": 0.4,
  "worst_pair": "ADA/USDT",
  "worst_trade_profit_pct": 0.0
}