{
  "buy_params": {
    "buy_ma_count": 12,
    "buy_ma_gap": 18
  },
  "minimal_roi": {
    "0": 0.9867641151799419,
    "13": 0.5885734397041308,
    "146": 0.09905706711452836,
    "38": 0.18725941924551243
  },
  "sell_params": {
    "sell_ma_count": 16,
    "sell_ma_gap": 46
  },
  "stoploss": -0.24004656481937098,
  "trailing_only_offset_is_reached": true,
  "trailing_stop": true,
  "trailing_stop_positive": 0.5466463931840436,
  "trailing_stop_positive_offset": 0.38542274204233673
}