{
  "best_pair": "XRP/USDT",
  "best_trade_profit_pct": 0.0,
  "final_balance": 74.58458985999997,
  "max_drawdown_pct": 51.55657700655638,
  "profit_factor": 0.6574768795650814,
  "sharpe_ratio": -11.395603328204157,
  "total_profit_abs": -75.41541014,
  "total_profit_pct": -50.27694009333333,
  "total_trades": 1632,
  "win_rate": 0.27267156862745096,
  "worst_pair": "HOME/USDT",
  "worst_trade_profit_pct": 0.0
}