{
  "best_pair": "XRP/USDT",
  "best_trade_profit_pct": 0.0,
  "final_balance": 163.16264873,
  "max_drawdown_pct": 10.999878833252334,
  "profit_factor": 1.2595706280075532,
  "sharpe_ratio": 0.24236314023795635,
  "total_profit_abs": 13.162648729999999,
  "total_profit_pct": 8.775099153333333,
  "total_trades": 44,
  "win_rate": 0.6363636363636364,
  "worst_pair": "HOME/USDT",
  "worst_trade_profit_pct": 0.0
}