{
  "buy_params": {
    "buy_ma_count": 3,
    "buy_ma_gap": 26
  },
  "minimal_roi": {
    "0": 1.2920124100023915,
    "13": 0.5950949954214828,
    "146": 0.04429573412401434,
    "38": 0.10494076400637864
  },
  "sell_params": {
    "sell_ma_count": 14,
    "sell_ma_gap": 43
  },
  "stoploss": -0.7755886711515043,
  "trailing_only_offset_is_reached": true,
  "trailing_stop": false,
  "trailing_stop_positive": 0.40468988359784835,
  "trailing_stop_positive_offset": 0.3043308380970208
}