{
  "best_pair": "ADA/USDT",
  "best_trade_profit_pct": 0.0,
  "final_balance": 49.02650713000004,
  "max_drawdown_pct": 42.963215274999946,
  "profit_factor": 0.5884929805783149,
  "sharpe_ratio": -4.773443183620504,
  "total_profit_abs": -30.97349287,
  "total_profit_pct": -38.7168660875,
  "total_trades": 464,
  "win_rate": 0.36853448275862066,
  "worst_pair": "ETH/USDT",
  "worst_trade_profit_pct": 0.0
}