{
  "buy_params": {
    "buy_ma_count": 1,
    "buy_ma_gap": 19
  },
  "minimal_roi": {
    "0": 1.6552133882992968,
    "13": 0.17557792399428204,
    "146": 0.0377743673244168,
    "38": 0.6719314366534829
  },
  "sell_params": {
    "sell_ma_count": 18,
    "sell_ma_gap": 45
  },
  "stoploss": -0.9619923606910725,
  "trailing_only_offset_is_reached": true,
  "trailing_stop": false,
  "trailing_stop_positive": 0.14997157063415756,
  "trailing_stop_positive_offset": 0.07848811331568266
}