{
  "export_time": "2026-04-25T19:42:20.984541+00:00",
  "ft_stratparam_v": 1,
  "params": {
    "buy": {
      "buy_ma_count": 3,
      "buy_ma_gap": 18
    },
    "max_open_trades": {
      "max_open_trades": 2
    },
    "roi": {
      "0": 1.1213350377736189,
      "13": 0.8304896991269439,
      "146": 0.04489745965979324,
      "38": 0.10951635553683228
    },
    "sell": {
      "sell_ma_count": 11,
      "sell_ma_gap": 50
    },
    "stoploss": {
      "stoploss": -0.8851663068012612
    },
    "trailing": {
      "trailing_only_offset_is_reached": true,
      "trailing_stop": false,
      "trailing_stop_positive": 0.43949553481518966,
      "trailing_stop_positive_offset": 0.11358843650708553
    }
  },
  "strategy_name": "yes"
}