{
  "best_pair": "XRP/USDT",
  "best_trade_profit_pct": 0.0,
  "final_balance": 229.18189754000002,
  "max_drawdown_pct": 10.620693422272055,
  "profit_factor": 2.2419888681592997,
  "sharpe_ratio": 1.7917724327523261,
  "total_profit_abs": 79.18189754,
  "total_profit_pct": 52.787931693333334,
  "total_trades": 107,
  "win_rate": 0.8598130841121495,
  "worst_pair": "HOME/USDT",
  "worst_trade_profit_pct": 0.0
}