{
  "buy_params": {
    "buy_ma_count": 2,
    "buy_ma_gap": 8
  },
  "minimal_roi": {
    "0": 1.3357921823498782,
    "13": 0.6321540053297992,
    "146": 0.02341852565408832,
    "38": 0.2878156355986399
  },
  "sell_params": {
    "sell_ma_count": 13,
    "sell_ma_gap": 49
  },
  "stoploss": -0.7658017455155253,
  "trailing_only_offset_is_reached": true,
  "trailing_stop": false,
  "trailing_stop_positive": 0.250249775541709,
  "trailing_stop_positive_offset": 0.2667897227907927
}