{
  "export_time": "2026-04-25T18:43:16.321029+00:00",
  "ft_stratparam_v": 1,
  "params": {
    "buy": {
      "buy_ma_count": 14,
      "buy_ma_gap": 30
    },
    "max_open_trades": {
      "max_open_trades": 2
    },
    "roi": {
      "0": 1.874701048559734,
      "13": 1.1745364643668128,
      "146": 0.7456553503831169,
      "38": 0.043874476794894535
    },
    "sell": {
      "sell_ma_count": 20,
      "sell_ma_gap": 34
    },
    "stoploss": {
      "stoploss": -0.5853811243095549
    },
    "trailing": {
      "trailing_only_offset_is_reached": true,
      "trailing_stop": true,
      "trailing_stop_positive": 0.07740286458409151,
      "trailing_stop_positive_offset": 0.22976629207187987
    }
  },
  "strategy_name": "yes"
}