{
  "best_pair": "ADA/USDT",
  "best_trade_profit_pct": 0.0,
  "final_balance": 65.17658739,
  "max_drawdown_pct": 19.315166625,
  "profit_factor": 0.04068932064023893,
  "sharpe_ratio": -0.33937838722192565,
  "total_profit_abs": -14.82341261,
  "total_profit_pct": -18.5292657625,
  "total_trades": 10,
  "win_rate": 0.3,
  "worst_pair": "ETH/USDT",
  "worst_trade_profit_pct": 0.0
}