{
  "best_pair": "XRP/USDT",
  "best_trade_profit_pct": 0.0,
  "final_balance": 35.983235119999875,
  "max_drawdown_pct": 76.01654354539296,
  "profit_factor": 0.5067304942568988,
  "sharpe_ratio": -26.184979374395105,
  "total_profit_abs": -114.01676488000001,
  "total_profit_pct": -76.01117658666668,
  "total_trades": 2439,
  "win_rate": 0.2656826568265683,
  "worst_pair": "HOME/USDT",
  "worst_trade_profit_pct": 0.0
}