{
  "buy_params": {
    "buy_ma_count": 11,
    "buy_ma_gap": 13
  },
  "minimal_roi": {
    "0": 0.8380697023144643,
    "13": 1.6960137690910297,
    "146": 0.3657211983704533,
    "38": 0.008959079260236948
  },
  "sell_params": {
    "sell_ma_count": 15,
    "sell_ma_gap": 12
  },
  "stoploss": -0.4598297798455403,
  "trailing_only_offset_is_reached": false,
  "trailing_stop": false,
  "trailing_stop_positive": 0.2494405821566352,
  "trailing_stop_positive_offset": 0.26842492992729455
}