{
  "best_pair": "XRP/USDT",
  "best_trade_profit_pct": 0.0,
  "final_balance": 82.11956223999988,
  "max_drawdown_pct": 46.835523960000074,
  "profit_factor": 0.7294947816453566,
  "sharpe_ratio": -6.138575041617207,
  "total_profit_abs": -67.88043775999999,
  "total_profit_pct": -45.253625173333326,
  "total_trades": 1155,
  "win_rate": 0.3021645021645022,
  "worst_pair": "HOME/USDT",
  "worst_trade_profit_pct": 0.0
}