{
  "best_pair": "XRP/USDT",
  "best_trade_profit_pct": 0.0,
  "final_balance": 117.97397917999997,
  "max_drawdown_pct": 22.469564020000007,
  "profit_factor": 0.7548172357366985,
  "sharpe_ratio": -2.3786813040086576,
  "total_profit_abs": -32.02602082,
  "total_profit_pct": -21.350680546666666,
  "total_trades": 477,
  "win_rate": 0.3228511530398323,
  "worst_pair": "HOME/USDT",
  "worst_trade_profit_pct": 0.0
}