{
  "best_pair": "XRP/USDT",
  "best_trade_profit_pct": 0.0,
  "final_balance": 107.07369198000005,
  "max_drawdown_pct": 29.289333799999973,
  "profit_factor": 0.6948475845371841,
  "sharpe_ratio": -3.749900910315467,
  "total_profit_abs": -42.92630802000001,
  "total_profit_pct": -28.617538680000003,
  "total_trades": 608,
  "win_rate": 0.2845394736842105,
  "worst_pair": "HOME/USDT",
  "worst_trade_profit_pct": 0.0
}