{
  "best_pair": "XRP/USDT",
  "best_trade_profit_pct": 0.0,
  "final_balance": 248.28487120999998,
  "max_drawdown_pct": 10.614097949315425,
  "profit_factor": 2.4922269363564364,
  "sharpe_ratio": 1.190721964926361,
  "total_profit_abs": 98.28487121,
  "total_profit_pct": 65.52324747333333,
  "total_trades": 52,
  "win_rate": 0.7307692307692306,
  "worst_pair": "HOME/USDT",
  "worst_trade_profit_pct": 0.0
}