{
  "best_pair": "XRP/USDT",
  "best_trade_profit_pct": 0.0,
  "final_balance": 149.69417143,
  "max_drawdown_pct": 5.458111220853117,
  "profit_factor": 0.9777253349462356,
  "sharpe_ratio": -0.006117225124278803,
  "total_profit_abs": -0.3058285700000018,
  "total_profit_pct": -0.20388571333333455,
  "total_trades": 13,
  "win_rate": 0.3846153846153847,
  "worst_pair": "HOME/USDT",
  "worst_trade_profit_pct": 0.0
}