{
  "best_pair": "XRP/USDT",
  "best_trade_profit_pct": 0.0,
  "final_balance": 81.34933150000012,
  "max_drawdown_pct": 45.81978361999996,
  "profit_factor": 0.6805053590970976,
  "sharpe_ratio": -8.013158545582804,
  "total_profit_abs": -68.6506685,
  "total_profit_pct": -45.76711233333333,
  "total_trades": 1523,
  "win_rate": 0.26986211424819434,
  "worst_pair": "HOME/USDT",
  "worst_trade_profit_pct": 0.0
}