{
  "buy_params": {
    "buy_ma_count": 16,
    "buy_ma_gap": 15
  },
  "minimal_roi": {
    "0": 1.3997206797347566,
    "13": 1.0015743234127616,
    "146": 0.10838155520613099,
    "38": 0.14562871640523867
  },
  "sell_params": {
    "sell_ma_count": 11,
    "sell_ma_gap": 13
  },
  "stoploss": -0.6276414077569923,
  "trailing_only_offset_is_reached": false,
  "trailing_stop": false,
  "trailing_stop_positive": 0.14294269820164546,
  "trailing_stop_positive_offset": 0.0032276883284455484
}