{
  "best_pair": "XRP/USDT",
  "best_trade_profit_pct": 0.0,
  "final_balance": 57.34723654999988,
  "max_drawdown_pct": 62.23673235396786,
  "profit_factor": 0.6262576225619677,
  "sharpe_ratio": -12.396614968642263,
  "total_profit_abs": -92.65276344999998,
  "total_profit_pct": -61.76850896666666,
  "total_trades": 1934,
  "win_rate": 0.2714581178903826,
  "worst_pair": "HOME/USDT",
  "worst_trade_profit_pct": 0.0
}