{
  "best_pair": "XRP/USDT",
  "best_trade_profit_pct": 0.0,
  "final_balance": 95.16309991,
  "max_drawdown_pct": 36.86931264,
  "profit_factor": 0.7000861194839867,
  "sharpe_ratio": -4.968267644282134,
  "total_profit_abs": -54.83690009,
  "total_profit_pct": -36.557933393333336,
  "total_trades": 803,
  "win_rate": 0.3026151930261519,
  "worst_pair": "HOME/USDT",
  "worst_trade_profit_pct": 0.0
}