{
  "best_pair": "XRP/USDT",
  "best_trade_profit_pct": 0.0,
  "final_balance": 89.04863565999999,
  "max_drawdown_pct": 44.04401314735014,
  "profit_factor": 0.7736521087610142,
  "sharpe_ratio": -4.872664959342919,
  "total_profit_abs": -60.95136434,
  "total_profit_pct": -40.63424289333334,
  "total_trades": 1295,
  "win_rate": 0.2918918918918919,
  "worst_pair": "HOME/USDT",
  "worst_trade_profit_pct": 0.0
}