{
  "best_pair": "ADA/USDT",
  "best_trade_profit_pct": 0.0,
  "final_balance": 67.90913440000001,
  "max_drawdown_pct": 16.398792405812056,
  "profit_factor": 0.8014666126963803,
  "sharpe_ratio": -1.4133181980222755,
  "total_profit_abs": -12.090865599999997,
  "total_profit_pct": -15.113581999999997,
  "total_trades": 335,
  "win_rate": 0.39104477611940297,
  "worst_pair": "ETH/USDT",
  "worst_trade_profit_pct": 0.0
}