{
  "export_time": "2026-04-25T19:45:26.807473+00:00",
  "ft_stratparam_v": 1,
  "params": {
    "buy": {
      "buy_ma_count": 4,
      "buy_ma_gap": 8
    },
    "max_open_trades": {
      "max_open_trades": 2
    },
    "roi": {
      "0": 1.4689242415286397,
      "13": 0.6479062323793761,
      "146": 0.02918974904744069,
      "38": 0.02251421345384024
    },
    "sell": {
      "sell_ma_count": 12,
      "sell_ma_gap": 48
    },
    "stoploss": {
      "stoploss": -0.886513569668588
    },
    "trailing": {
      "trailing_only_offset_is_reached": true,
      "trailing_stop": false,
      "trailing_stop_positive": 0.45706879376210185,
      "trailing_stop_positive_offset": 0.3226334863414942
    }
  },
  "strategy_name": "yes"
}