{
  "best_pair": "ADA/USDT",
  "best_trade_profit_pct": 0.0,
  "final_balance": 99.31537313999999,
  "max_drawdown_pct": 15.792876482074082,
  "profit_factor": 1.697511967804813,
  "sharpe_ratio": 0.27523629009625394,
  "total_profit_abs": 19.31537314,
  "total_profit_pct": 24.144216424999996,
  "total_trades": 30,
  "win_rate": 0.5666666666666667,
  "worst_pair": "ETH/USDT",
  "worst_trade_profit_pct": 0.0
}