{
  "best_pair": "XRP/USDT",
  "best_trade_profit_pct": 0.0,
  "final_balance": 232.45082518000004,
  "max_drawdown_pct": 9.966479520253916,
  "profit_factor": 2.4133307128507173,
  "sharpe_ratio": 1.185465990715941,
  "total_profit_abs": 82.45082518,
  "total_profit_pct": 54.96721678666666,
  "total_trades": 55,
  "win_rate": 0.7272727272727273,
  "worst_pair": "HOME/USDT",
  "worst_trade_profit_pct": 0.0
}