{
  "best_pair": "ETH/USDT",
  "best_trade_profit_pct": 0.0,
  "final_balance": 200.19526643,
  "max_drawdown_pct": 7.929532959999998,
  "profit_factor": 2.6446310493932774,
  "sharpe_ratio": 0.4498965442862498,
  "total_profit_abs": 50.19526643,
  "total_profit_pct": 33.46351095333333,
  "total_trades": 21,
  "win_rate": 0.5714285714285714,
  "worst_pair": "HOME/USDT",
  "worst_trade_profit_pct": 0.0
}