{
  "best_pair": "ETH/USDT",
  "best_trade_profit_pct": 0.0,
  "final_balance": 150.36978615,
  "max_drawdown_pct": 3.6839855239941315,
  "profit_factor": 1.0333350599762243,
  "sharpe_ratio": 0.004945263441550027,
  "total_profit_abs": 0.36978615000000037,
  "total_profit_pct": 0.24652410000000025,
  "total_trades": 8,
  "win_rate": 0.25,
  "worst_pair": "ADA/USDT",
  "worst_trade_profit_pct": 0.0
}