{
  "best_pair": "XRP/USDT",
  "best_trade_profit_pct": 0.0,
  "final_balance": 95.90381619999997,
  "max_drawdown_pct": 37.50979492666669,
  "profit_factor": 0.7744978046134031,
  "sharpe_ratio": -4.529284507418096,
  "total_profit_abs": -54.0961838,
  "total_profit_pct": -36.06412253333333,
  "total_trades": 1079,
  "win_rate": 0.2928637627432808,
  "worst_pair": "HOME/USDT",
  "worst_trade_profit_pct": 0.0
}