{
  "best_pair": "XRP/USDT",
  "best_trade_profit_pct": 0.0,
  "final_balance": 99.81315035999992,
  "max_drawdown_pct": 34.40915947864049,
  "profit_factor": 0.7210588052567748,
  "sharpe_ratio": -4.768871405630131,
  "total_profit_abs": -50.186849640000005,
  "total_profit_pct": -33.457899760000004,
  "total_trades": 883,
  "win_rate": 0.29331823329558326,
  "worst_pair": "HOME/USDT",
  "worst_trade_profit_pct": 0.0
}