{
  "best_pair": "ADA/USDT",
  "best_trade_profit_pct": 0.0,
  "final_balance": 100.98144268000001,
  "max_drawdown_pct": 6.508902984873462,
  "profit_factor": 2.8730204569484843,
  "sharpe_ratio": 0.4944069105530027,
  "total_profit_abs": 20.98144268,
  "total_profit_pct": 26.22680335,
  "total_trades": 26,
  "win_rate": 0.7307692307692306,
  "worst_pair": "ETH/USDT",
  "worst_trade_profit_pct": 0.0
}