{
  "best_pair": "XRP/USDT",
  "best_trade_profit_pct": 0.0,
  "final_balance": 209.57029638,
  "max_drawdown_pct": 11.793185368208052,
  "profit_factor": 1.9391225162694816,
  "sharpe_ratio": 1.0776240027841417,
  "total_profit_abs": 59.57029638,
  "total_profit_pct": 39.713530920000004,
  "total_trades": 72,
  "win_rate": 0.7638888888888888,
  "worst_pair": "HOME/USDT",
  "worst_trade_profit_pct": 0.0
}