{
  "best_pair": "XRP/USDT",
  "best_trade_profit_pct": 0.0,
  "final_balance": 240.57804248999997,
  "max_drawdown_pct": 11.46149640533368,
  "profit_factor": 2.9696974219251904,
  "sharpe_ratio": 0.9257044133516483,
  "total_profit_abs": 90.57804248999999,
  "total_profit_pct": 60.385361659999994,
  "total_trades": 37,
  "win_rate": 0.6216216216216216,
  "worst_pair": "HOME/USDT",
  "worst_trade_profit_pct": 0.0
}