{
  "export_time": "2026-04-25T18:49:42.900887+00:00",
  "ft_stratparam_v": 1,
  "params": {
    "buy": {
      "buy_ma_count": 15,
      "buy_ma_gap": 4
    },
    "max_open_trades": {
      "max_open_trades": 2
    },
    "roi": {
      "0": 0.6491103044307984,
      "13": 1.0858608376316217,
      "146": 0.15659129415668363,
      "38": 0.7395024801004946
    },
    "sell": {
      "sell_ma_count": 20,
      "sell_ma_gap": 3
    },
    "stoploss": {
      "stoploss": -0.770874043724956
    },
    "trailing": {
      "trailing_only_offset_is_reached": true,
      "trailing_stop": true,
      "trailing_stop_positive": 0.426101678932865,
      "trailing_stop_positive_offset": 0.3005306811454547
    }
  },
  "strategy_name": "yes"
}