{
  "best_pair": "ADA/USDT",
  "best_trade_profit_pct": 0.0,
  "final_balance": 76.40398408,
  "max_drawdown_pct": 6.137998731949948,
  "profit_factor": 0.45358868809844427,
  "sharpe_ratio": -0.09170771155916234,
  "total_profit_abs": -3.59601592,
  "total_profit_pct": -4.4950199,
  "total_trades": 7,
  "win_rate": 0.42857142857142855,
  "worst_pair": "ETH/USDT",
  "worst_trade_profit_pct": 0.0
}