{
  "best_pair": "ETH/USDT",
  "best_trade_profit_pct": 0.0,
  "final_balance": 162.81299798,
  "max_drawdown_pct": 3.371940203593055,
  "profit_factor": 2.2169769244222834,
  "sharpe_ratio": 0.16156462619642753,
  "total_profit_abs": 12.812997979999999,
  "total_profit_pct": 8.541998653333332,
  "total_trades": 10,
  "win_rate": 0.6,
  "worst_pair": "ADA/USDT",
  "worst_trade_profit_pct": 0.0
}