{
  "best_pair": "XRP/USDT",
  "best_trade_profit_pct": 0.0,
  "final_balance": 227.69093440999995,
  "max_drawdown_pct": 11.380606908689419,
  "profit_factor": 2.1936990692240457,
  "sharpe_ratio": 0.6958410629564769,
  "total_profit_abs": 77.69093441,
  "total_profit_pct": 51.79395627333333,
  "total_trades": 38,
  "win_rate": 0.6052631578947368,
  "worst_pair": "HOME/USDT",
  "worst_trade_profit_pct": 0.0
}