{
  "best_pair": "XRP/USDT",
  "best_trade_profit_pct": 0.0,
  "final_balance": 115.72997256,
  "max_drawdown_pct": 24.58768369104143,
  "profit_factor": 0.7211445961412802,
  "sharpe_ratio": -2.4392582928376223,
  "total_profit_abs": -34.27002744,
  "total_profit_pct": -22.84668496,
  "total_trades": 419,
  "win_rate": 0.315035799522673,
  "worst_pair": "HOME/USDT",
  "worst_trade_profit_pct": 0.0
}