{
  "best_pair": "XRP/USDT",
  "best_trade_profit_pct": 0.0,
  "final_balance": 159.18468655,
  "max_drawdown_pct": 6.278705949274816,
  "profit_factor": 1.2547345356227126,
  "sharpe_ratio": 0.1804326873489623,
  "total_profit_abs": 9.184686549999999,
  "total_profit_pct": 6.123124366666666,
  "total_trades": 44,
  "win_rate": 0.38636363636363635,
  "worst_pair": "HOME/USDT",
  "worst_trade_profit_pct": 0.0
}