{
  "best_pair": "XRP/USDT",
  "best_trade_profit_pct": 0.0,
  "final_balance": 72.00609297,
  "max_drawdown_pct": 53.90757989208809,
  "profit_factor": 0.6596665077777962,
  "sharpe_ratio": -7.843277786804504,
  "total_profit_abs": -77.99390703,
  "total_profit_pct": -51.99593802,
  "total_trades": 1431,
  "win_rate": 0.2746331236897275,
  "worst_pair": "HOME/USDT",
  "worst_trade_profit_pct": 0.0
}