{
  "best_pair": "ADA/USDT",
  "best_trade_profit_pct": 0.0,
  "final_balance": 32.021081240000015,
  "max_drawdown_pct": 70.49575927675328,
  "profit_factor": 0.7082108636306595,
  "sharpe_ratio": -1.4340711240256478,
  "total_profit_abs": -47.97891876000001,
  "total_profit_pct": -59.97364845000001,
  "total_trades": 559,
  "win_rate": 0.6654740608228981,
  "worst_pair": "ETH/USDT",
  "worst_trade_profit_pct": 0.0
}