{
  "best_pair": "ADA/USDT",
  "best_trade_profit_pct": 0.0,
  "final_balance": 60.062756619999995,
  "max_drawdown_pct": 25.60979949019528,
  "profit_factor": 0.7847354807827951,
  "sharpe_ratio": -2.7350116421853983,
  "total_profit_abs": -19.937243379999998,
  "total_profit_pct": -24.921554224999998,
  "total_trades": 584,
  "win_rate": 0.375,
  "worst_pair": "ETH/USDT",
  "worst_trade_profit_pct": 0.0
}