{
  "best_pair": "XRP/USDT",
  "best_trade_profit_pct": 0.0,
  "final_balance": 55.205219919999934,
  "max_drawdown_pct": 64.1750314530339,
  "profit_factor": 0.5852275657549947,
  "sharpe_ratio": -15.028552249488637,
  "total_profit_abs": -94.79478008,
  "total_profit_pct": -63.19652005333333,
  "total_trades": 1836,
  "win_rate": 0.40795206971677556,
  "worst_pair": "HOME/USDT",
  "worst_trade_profit_pct": 0.0
}