{
  "export_time": "2026-04-25T19:08:37.131449+00:00",
  "ft_stratparam_v": 1,
  "params": {
    "buy": {
      "buy_ma_count": 1,
      "buy_ma_gap": 6
    },
    "max_open_trades": {
      "max_open_trades": 2
    },
    "roi": {
      "0": 1.4381300238075636,
      "13": 0.22502179759450858,
      "146": 0.9287159782360045,
      "38": 0.10508986045039295
    },
    "sell": {
      "sell_ma_count": 9,
      "sell_ma_gap": 10
    },
    "stoploss": {
      "stoploss": -0.7616625265898325
    },
    "trailing": {
      "trailing_only_offset_is_reached": false,
      "trailing_stop": false,
      "trailing_stop_positive": 0.06990533744938232,
      "trailing_stop_positive_offset": 0.42337666978529226
    }
  },
  "strategy_name": "yes"
}