{
  "best_pair": "XRP/USDT",
  "best_trade_profit_pct": 0.0,
  "final_balance": 149.81905537,
  "max_drawdown_pct": 3.1501518110338176,
  "profit_factor": 0.9743103494173017,
  "sharpe_ratio": -0.005597372005665087,
  "total_profit_abs": -0.1809446300000006,
  "total_profit_pct": -0.12062975333333374,
  "total_trades": 9,
  "win_rate": 0.4444444444444444,
  "worst_pair": "HOME/USDT",
  "worst_trade_profit_pct": 0.0
}