{
  "best_pair": "XRP/USDT",
  "best_trade_profit_pct": 0.0,
  "final_balance": 124.50441099,
  "max_drawdown_pct": 20.344497943821203,
  "profit_factor": 0.7941767937275631,
  "sharpe_ratio": -1.6110098058224422,
  "total_profit_abs": -25.495589010000003,
  "total_profit_pct": -16.99705934,
  "total_trades": 404,
  "win_rate": 0.3267326732673268,
  "worst_pair": "HOME/USDT",
  "worst_trade_profit_pct": 0.0
}