{
  "buy_params": {
    "buy_ma_count": 3,
    "buy_ma_gap": 21
  },
  "minimal_roi": {
    "0": 1.7651566838439139,
    "13": 0.06573318876615193,
    "146": 0.22435787413033986,
    "38": 0.7211141042598839
  },
  "sell_params": {
    "sell_ma_count": 18,
    "sell_ma_gap": 46
  },
  "stoploss": -0.9874222714214029,
  "trailing_only_offset_is_reached": true,
  "trailing_stop": false,
  "trailing_stop_positive": 0.1340326933685938,
  "trailing_stop_positive_offset": 0.08446690573859768
}