{
  "best_pair": "XRP/USDT",
  "best_trade_profit_pct": 0.0,
  "final_balance": 116.81874570000002,
  "max_drawdown_pct": 24.820266095327,
  "profit_factor": 0.7912055807285395,
  "sharpe_ratio": -2.537867176694057,
  "total_profit_abs": -33.1812543,
  "total_profit_pct": -22.1208362,
  "total_trades": 640,
  "win_rate": 0.3,
  "worst_pair": "HOME/USDT",
  "worst_trade_profit_pct": 0.0
}