{
  "export_time": "2026-04-25T19:47:26.384345+00:00",
  "ft_stratparam_v": 1,
  "params": {
    "buy": {
      "buy_ma_count": 3,
      "buy_ma_gap": 6
    },
    "max_open_trades": {
      "max_open_trades": 2
    },
    "roi": {
      "0": 1.3136703566242536,
      "13": 1.0784681521003077,
      "146": 0.02556554902681131,
      "38": 0.09498138538489151
    },
    "sell": {
      "sell_ma_count": 11,
      "sell_ma_gap": 48
    },
    "stoploss": {
      "stoploss": -0.9176191745328766
    },
    "trailing": {
      "trailing_only_offset_is_reached": true,
      "trailing_stop": false,
      "trailing_stop_positive": 0.45078921960231544,
      "trailing_stop_positive_offset": 0.28952924066354285
    }
  },
  "strategy_name": "yes"
}