{
  "best_pair": "XRP/USDT",
  "best_trade_profit_pct": 0.0,
  "final_balance": 160.65715008,
  "max_drawdown_pct": 4.214781647491711,
  "profit_factor": 1.9319234871248059,
  "sharpe_ratio": 0.1315882638349356,
  "total_profit_abs": 10.65715008,
  "total_profit_pct": 7.10476672,
  "total_trades": 11,
  "win_rate": 0.45454545454545453,
  "worst_pair": "HOME/USDT",
  "worst_trade_profit_pct": 0.0
}