{
  "best_pair": "ETH/USDT",
  "best_trade_profit_pct": 0.0,
  "final_balance": 141.43403289,
  "max_drawdown_pct": 19.488901219404525,
  "profit_factor": 0.8829227990050337,
  "sharpe_ratio": -0.10460010199941776,
  "total_profit_abs": -8.565967109999999,
  "total_profit_pct": -5.710644739999999,
  "total_trades": 45,
  "win_rate": 0.33333333333333326,
  "worst_pair": "HOME/USDT",
  "worst_trade_profit_pct": 0.0
}