{
  "best_pair": "XRP/USDT",
  "best_trade_profit_pct": 0.0,
  "final_balance": 131.91303123999998,
  "max_drawdown_pct": 16.829648930540493,
  "profit_factor": 0.8355165612743026,
  "sharpe_ratio": -1.0260357571777097,
  "total_profit_abs": -18.08696876,
  "total_profit_pct": -12.057979173333335,
  "total_trades": 341,
  "win_rate": 0.3284457478005865,
  "worst_pair": "HOME/USDT",
  "worst_trade_profit_pct": 0.0
}