{
  "best_pair": "XRP/USDT",
  "best_trade_profit_pct": 0.0,
  "final_balance": 272.79947997,
  "max_drawdown_pct": 11.836408278535423,
  "profit_factor": 3.4201869371382707,
  "sharpe_ratio": 1.297595064240036,
  "total_profit_abs": 122.79947997000001,
  "total_profit_pct": 81.86631998,
  "total_trades": 43,
  "win_rate": 0.6744186046511628,
  "worst_pair": "HOME/USDT",
  "worst_trade_profit_pct": 0.0
}