{
  "best_pair": "ETH/USDT",
  "best_trade_profit_pct": 0.0,
  "final_balance": 206.14350025,
  "max_drawdown_pct": 11.462959526484848,
  "profit_factor": 1.8735927061432682,
  "sharpe_ratio": 0.37569241192484204,
  "total_profit_abs": 56.14350025,
  "total_profit_pct": 37.42900016666667,
  "total_trades": 26,
  "win_rate": 0.4615384615384615,
  "worst_pair": "HOME/USDT",
  "worst_trade_profit_pct": 0.0
}