{
  "best_pair": "XRP/USDT",
  "best_trade_profit_pct": 0.0,
  "final_balance": 147.84007672,
  "max_drawdown_pct": 1.9205581666666756,
  "profit_factor": 0.25024460163447276,
  "sharpe_ratio": -0.06365001942871325,
  "total_profit_abs": -2.15992328,
  "total_profit_pct": -1.4399488533333333,
  "total_trades": 2,
  "win_rate": 0.5,
  "worst_pair": "HOME/USDT",
  "worst_trade_profit_pct": 0.0
}