{
  "best_pair": "XRP/USDT",
  "best_trade_profit_pct": 0.0,
  "final_balance": 257.03797264,
  "max_drawdown_pct": 7.224430158195393,
  "profit_factor": 3.0294543862021683,
  "sharpe_ratio": 0.6868307844129069,
  "total_profit_abs": 107.03797263999999,
  "total_profit_pct": 71.35864842666666,
  "total_trades": 30,
  "win_rate": 0.5666666666666667,
  "worst_pair": "HOME/USDT",
  "worst_trade_profit_pct": 0.0
}