{
  "best_pair": "HOME/USDT",
  "best_trade_profit_pct": 0.0,
  "final_balance": 196.74066029,
  "max_drawdown_pct": 11.284564304174841,
  "profit_factor": 1.4220007569700028,
  "sharpe_ratio": 0.6121806122611658,
  "total_profit_abs": 46.740660289999994,
  "total_profit_pct": 31.16044019333333,
  "total_trades": 101,
  "win_rate": 0.36633663366336633,
  "worst_pair": "XRP/USDT",
  "worst_trade_profit_pct": 0.0
}