{
  "best_pair": "XRP/USDT",
  "best_trade_profit_pct": 0.0,
  "final_balance": 41.02096852999989,
  "max_drawdown_pct": 72.95045544000008,
  "profit_factor": 0.6675704514229523,
  "sharpe_ratio": -14.38535977634669,
  "total_profit_abs": -108.97903147,
  "total_profit_pct": -72.65268764666666,
  "total_trades": 2215,
  "win_rate": 0.3079006772009029,
  "worst_pair": "HOME/USDT",
  "worst_trade_profit_pct": 0.0
}