{
  "best_pair": "XRP/USDT",
  "best_trade_profit_pct": 0.0,
  "final_balance": 174.81666575,
  "max_drawdown_pct": 10.7576263812971,
  "profit_factor": 1.4219881109522077,
  "sharpe_ratio": 0.22162173609227417,
  "total_profit_abs": 24.816665750000002,
  "total_profit_pct": 16.544443833333336,
  "total_trades": 38,
  "win_rate": 0.34210526315789475,
  "worst_pair": "HOME/USDT",
  "worst_trade_profit_pct": 0.0
}