{
  "best_pair": "XRP/USDT",
  "best_trade_profit_pct": 0.0,
  "final_balance": 190.25940885,
  "max_drawdown_pct": 9.279699673053923,
  "profit_factor": 1.6639078820626632,
  "sharpe_ratio": 0.6454718621340515,
  "total_profit_abs": 40.259408850000014,
  "total_profit_pct": 26.83960590000001,
  "total_trades": 53,
  "win_rate": 0.7547169811320755,
  "worst_pair": "HOME/USDT",
  "worst_trade_profit_pct": 0.0
}