{
  "best_pair": "XRP/USDT",
  "best_trade_profit_pct": 0.0,
  "final_balance": 55.75047372000003,
  "max_drawdown_pct": 64.14059438895933,
  "profit_factor": 0.7220287978293372,
  "sharpe_ratio": -9.615765917807524,
  "total_profit_abs": -94.24952628,
  "total_profit_pct": -62.83301752,
  "total_trades": 1724,
  "win_rate": 0.31206496519721577,
  "worst_pair": "HOME/USDT",
  "worst_trade_profit_pct": 0.0
}