{
  "best_pair": "XRP/USDT",
  "best_trade_profit_pct": 0.0,
  "final_balance": 259.21189182999996,
  "max_drawdown_pct": 9.309011768089027,
  "profit_factor": 2.4312039811177417,
  "sharpe_ratio": 1.3325462921647022,
  "total_profit_abs": 109.21189183,
  "total_profit_pct": 72.80792788666666,
  "total_trades": 60,
  "win_rate": 0.7,
  "worst_pair": "HOME/USDT",
  "worst_trade_profit_pct": 0.0
}