{
  "best_pair": "XRP/USDT",
  "best_trade_profit_pct": 0.0,
  "final_balance": 147.95112057,
  "max_drawdown_pct": 1.8465289333333315,
  "profit_factor": 0.2602771636324933,
  "sharpe_ratio": -0.06229839908417974,
  "total_profit_abs": -2.0488794300000004,
  "total_profit_pct": -1.3659196200000003,
  "total_trades": 2,
  "win_rate": 0.5,
  "worst_pair": "HOME/USDT",
  "worst_trade_profit_pct": 0.0
}