{
  "buy_params": {
    "buy_ma_count": 17,
    "buy_ma_gap": 35
  },
  "minimal_roi": {
    "0": 0.8855198336489549,
    "13": 0.20733400461870513,
    "146": 0.921646216579222,
    "38": 0.324583275438562
  },
  "sell_params": {
    "sell_ma_count": 5,
    "sell_ma_gap": 2
  },
  "stoploss": -0.8950777773680534,
  "trailing_only_offset_is_reached": true,
  "trailing_stop": true,
  "trailing_stop_positive": 0.2388806151181593,
  "trailing_stop_positive_offset": 0.655850947737979
}