{
  "best_pair": "XRP/USDT",
  "best_trade_profit_pct": 0.0,
  "final_balance": 219.20225212,
  "max_drawdown_pct": 10.774830967957403,
  "profit_factor": 1.8337113654007533,
  "sharpe_ratio": 0.6987207464946265,
  "total_profit_abs": 69.20225212,
  "total_profit_pct": 46.13483474666666,
  "total_trades": 48,
  "win_rate": 0.6041666666666666,
  "worst_pair": "HOME/USDT",
  "worst_trade_profit_pct": 0.0
}