{
  "best_pair": "XRP/USDT",
  "best_trade_profit_pct": 0.0,
  "final_balance": 110.31708414000002,
  "max_drawdown_pct": 27.19746958666665,
  "profit_factor": 0.7058517162056149,
  "sharpe_ratio": -3.273003010871673,
  "total_profit_abs": -39.682915859999994,
  "total_profit_pct": -26.455277239999997,
  "total_trades": 573,
  "win_rate": 0.2914485165794066,
  "worst_pair": "HOME/USDT",
  "worst_trade_profit_pct": 0.0
}