{
  "export_time": "2026-04-25T19:44:57.249368+00:00",
  "ft_stratparam_v": 1,
  "params": {
    "buy": {
      "buy_ma_count": 3,
      "buy_ma_gap": 4
    },
    "max_open_trades": {
      "max_open_trades": 2
    },
    "roi": {
      "0": 1.0677734745964014,
      "13": 0.9410325206005918,
      "146": 0.08724346068010173,
      "38": 0.07131379732777213
    },
    "sell": {
      "sell_ma_count": 13,
      "sell_ma_gap": 50
    },
    "stoploss": {
      "stoploss": -0.9397912857718304
    },
    "trailing": {
      "trailing_only_offset_is_reached": true,
      "trailing_stop": false,
      "trailing_stop_positive": 0.46930602898727025,
      "trailing_stop_positive_offset": 0.3402550759456407
    }
  },
  "strategy_name": "yes"
}